<?xml version="1.0" encoding="UTF-8"?>
<spirit:component xmlns:xilinx="http://www.xilinx.com" xmlns:spirit="http://www.spiritconsortium.org/XMLSchema/SPIRIT/1685-2009" xmlns:xsi="http://www.w3.org/2001/XMLSchema-instance">
  <spirit:vendor>xilinx.com</spirit:vendor>
  <spirit:library>user</spirit:library>
  <spirit:name>OrganHarmonizer</spirit:name>
  <spirit:version>1.0</spirit:version>
  <spirit:busInterfaces>
    <spirit:busInterface>
      <spirit:name>S00_AXI</spirit:name>
      <spirit:busType spirit:vendor="xilinx.com" spirit:library="interface" spirit:name="aximm" spirit:version="1.0"/>
      <spirit:abstractionType spirit:vendor="xilinx.com" spirit:library="interface" spirit:name="aximm_rtl" spirit:version="1.0"/>
      <spirit:slave>
        <spirit:memoryMapRef spirit:memoryMapRef="S00_AXI"/>
      </spirit:slave>
      <spirit:portMaps>
        <spirit:portMap>
          <spirit:logicalPort>
            <spirit:name>AWADDR</spirit:name>
          </spirit:logicalPort>
          <spirit:physicalPort>
            <spirit:name>s00_axi_awaddr</spirit:name>
          </spirit:physicalPort>
        </spirit:portMap>
        <spirit:portMap>
          <spirit:logicalPort>
            <spirit:name>AWPROT</spirit:name>
          </spirit:logicalPort>
          <spirit:physicalPort>
            <spirit:name>s00_axi_awprot</spirit:name>
          </spirit:physicalPort>
        </spirit:portMap>
        <spirit:portMap>
          <spirit:logicalPort>
            <spirit:name>AWVALID</spirit:name>
          </spirit:logicalPort>
          <spirit:physicalPort>
            <spirit:name>s00_axi_awvalid</spirit:name>
          </spirit:physicalPort>
        </spirit:portMap>
        <spirit:portMap>
          <spirit:logicalPort>
            <spirit:name>AWREADY</spirit:name>
          </spirit:logicalPort>
          <spirit:physicalPort>
            <spirit:name>s00_axi_awready</spirit:name>
          </spirit:physicalPort>
        </spirit:portMap>
        <spirit:portMap>
          <spirit:logicalPort>
            <spirit:name>WDATA</spirit:name>
          </spirit:logicalPort>
          <spirit:physicalPort>
            <spirit:name>s00_axi_wdata</spirit:name>
          </spirit:physicalPort>
        </spirit:portMap>
        <spirit:portMap>
          <spirit:logicalPort>
            <spirit:name>WSTRB</spirit:name>
          </spirit:logicalPort>
          <spirit:physicalPort>
            <spirit:name>s00_axi_wstrb</spirit:name>
          </spirit:physicalPort>
        </spirit:portMap>
        <spirit:portMap>
          <spirit:logicalPort>
            <spirit:name>WVALID</spirit:name>
          </spirit:logicalPort>
          <spirit:physicalPort>
            <spirit:name>s00_axi_wvalid</spirit:name>
          </spirit:physicalPort>
        </spirit:portMap>
        <spirit:portMap>
          <spirit:logicalPort>
            <spirit:name>WREADY</spirit:name>
          </spirit:logicalPort>
          <spirit:physicalPort>
            <spirit:name>s00_axi_wready</spirit:name>
          </spirit:physicalPort>
        </spirit:portMap>
        <spirit:portMap>
          <spirit:logicalPort>
            <spirit:name>BRESP</spirit:name>
          </spirit:logicalPort>
          <spirit:physicalPort>
            <spirit:name>s00_axi_bresp</spirit:name>
          </spirit:physicalPort>
        </spirit:portMap>
        <spirit:portMap>
          <spirit:logicalPort>
            <spirit:name>BVALID</spirit:name>
          </spirit:logicalPort>
          <spirit:physicalPort>
            <spirit:name>s00_axi_bvalid</spirit:name>
          </spirit:physicalPort>
        </spirit:portMap>
        <spirit:portMap>
          <spirit:logicalPort>
            <spirit:name>BREADY</spirit:name>
          </spirit:logicalPort>
          <spirit:physicalPort>
            <spirit:name>s00_axi_bready</spirit:name>
          </spirit:physicalPort>
        </spirit:portMap>
        <spirit:portMap>
          <spirit:logicalPort>
            <spirit:name>ARADDR</spirit:name>
          </spirit:logicalPort>
          <spirit:physicalPort>
            <spirit:name>s00_axi_araddr</spirit:name>
          </spirit:physicalPort>
        </spirit:portMap>
        <spirit:portMap>
          <spirit:logicalPort>
            <spirit:name>ARPROT</spirit:name>
          </spirit:logicalPort>
          <spirit:physicalPort>
            <spirit:name>s00_axi_arprot</spirit:name>
          </spirit:physicalPort>
        </spirit:portMap>
        <spirit:portMap>
          <spirit:logicalPort>
            <spirit:name>ARVALID</spirit:name>
          </spirit:logicalPort>
          <spirit:physicalPort>
            <spirit:name>s00_axi_arvalid</spirit:name>
          </spirit:physicalPort>
        </spirit:portMap>
        <spirit:portMap>
          <spirit:logicalPort>
            <spirit:name>ARREADY</spirit:name>
          </spirit:logicalPort>
          <spirit:physicalPort>
            <spirit:name>s00_axi_arready</spirit:name>
          </spirit:physicalPort>
        </spirit:portMap>
        <spirit:portMap>
          <spirit:logicalPort>
            <spirit:name>RDATA</spirit:name>
          </spirit:logicalPort>
          <spirit:physicalPort>
            <spirit:name>s00_axi_rdata</spirit:name>
          </spirit:physicalPort>
        </spirit:portMap>
        <spirit:portMap>
          <spirit:logicalPort>
            <spirit:name>RRESP</spirit:name>
          </spirit:logicalPort>
          <spirit:physicalPort>
            <spirit:name>s00_axi_rresp</spirit:name>
          </spirit:physicalPort>
        </spirit:portMap>
        <spirit:portMap>
          <spirit:logicalPort>
            <spirit:name>RVALID</spirit:name>
          </spirit:logicalPort>
          <spirit:physicalPort>
            <spirit:name>s00_axi_rvalid</spirit:name>
          </spirit:physicalPort>
        </spirit:portMap>
        <spirit:portMap>
          <spirit:logicalPort>
            <spirit:name>RREADY</spirit:name>
          </spirit:logicalPort>
          <spirit:physicalPort>
            <spirit:name>s00_axi_rready</spirit:name>
          </spirit:physicalPort>
        </spirit:portMap>
      </spirit:portMaps>
      <spirit:parameters>
        <spirit:parameter>
          <spirit:name>WIZ_DATA_WIDTH</spirit:name>
          <spirit:value spirit:format="long" spirit:id="BUSIFPARAM_VALUE.S00_AXI.WIZ_DATA_WIDTH" spirit:choiceRef="choice_list_6fc15197">32</spirit:value>
        </spirit:parameter>
        <spirit:parameter>
          <spirit:name>WIZ_NUM_REG</spirit:name>
          <spirit:value spirit:format="long" spirit:id="BUSIFPARAM_VALUE.S00_AXI.WIZ_NUM_REG" spirit:minimum="4" spirit:maximum="512" spirit:rangeType="long">4</spirit:value>
        </spirit:parameter>
        <spirit:parameter>
          <spirit:name>SUPPORTS_NARROW_BURST</spirit:name>
          <spirit:value spirit:format="long" spirit:id="BUSIFPARAM_VALUE.S00_AXI.SUPPORTS_NARROW_BURST" spirit:choiceRef="choice_pairs_ce1226b1">0</spirit:value>
        </spirit:parameter>
      </spirit:parameters>
    </spirit:busInterface>
    <spirit:busInterface>
      <spirit:name>S00_AXI_RST</spirit:name>
      <spirit:busType spirit:vendor="xilinx.com" spirit:library="signal" spirit:name="reset" spirit:version="1.0"/>
      <spirit:abstractionType spirit:vendor="xilinx.com" spirit:library="signal" spirit:name="reset_rtl" spirit:version="1.0"/>
      <spirit:slave/>
      <spirit:portMaps>
        <spirit:portMap>
          <spirit:logicalPort>
            <spirit:name>RST</spirit:name>
          </spirit:logicalPort>
          <spirit:physicalPort>
            <spirit:name>s00_axi_aresetn</spirit:name>
          </spirit:physicalPort>
        </spirit:portMap>
      </spirit:portMaps>
      <spirit:parameters>
        <spirit:parameter>
          <spirit:name>POLARITY</spirit:name>
          <spirit:value spirit:id="BUSIFPARAM_VALUE.S00_AXI_RST.POLARITY" spirit:choiceRef="choice_list_9d8b0d81">ACTIVE_LOW</spirit:value>
        </spirit:parameter>
      </spirit:parameters>
    </spirit:busInterface>
    <spirit:busInterface>
      <spirit:name>S00_AXI_CLK</spirit:name>
      <spirit:busType spirit:vendor="xilinx.com" spirit:library="signal" spirit:name="clock" spirit:version="1.0"/>
      <spirit:abstractionType spirit:vendor="xilinx.com" spirit:library="signal" spirit:name="clock_rtl" spirit:version="1.0"/>
      <spirit:slave/>
      <spirit:portMaps>
        <spirit:portMap>
          <spirit:logicalPort>
            <spirit:name>CLK</spirit:name>
          </spirit:logicalPort>
          <spirit:physicalPort>
            <spirit:name>s00_axi_aclk</spirit:name>
          </spirit:physicalPort>
        </spirit:portMap>
      </spirit:portMaps>
      <spirit:parameters>
        <spirit:parameter>
          <spirit:name>ASSOCIATED_BUSIF</spirit:name>
          <spirit:value spirit:id="BUSIFPARAM_VALUE.S00_AXI_CLK.ASSOCIATED_BUSIF">S00_AXI</spirit:value>
        </spirit:parameter>
        <spirit:parameter>
          <spirit:name>ASSOCIATED_RESET</spirit:name>
          <spirit:value spirit:id="BUSIFPARAM_VALUE.S00_AXI_CLK.ASSOCIATED_RESET">s00_axi_aresetn</spirit:value>
        </spirit:parameter>
      </spirit:parameters>
    </spirit:busInterface>
  </spirit:busInterfaces>
  <spirit:memoryMaps>
    <spirit:memoryMap>
      <spirit:name>S00_AXI</spirit:name>
      <spirit:addressBlock>
        <spirit:name>S00_AXI_reg</spirit:name>
        <spirit:baseAddress spirit:format="long" spirit:resolve="user">0</spirit:baseAddress>
        <spirit:range spirit:format="long">4096</spirit:range>
        <spirit:width spirit:format="long">32</spirit:width>
        <spirit:usage>register</spirit:usage>
        <spirit:parameters>
          <spirit:parameter>
            <spirit:name>OFFSET_BASE_PARAM</spirit:name>
            <spirit:value spirit:id="ADDRBLOCKPARAM_VALUE.S00_AXI.S00_AXI_REG.OFFSET_BASE_PARAM">C_S00_AXI_BASEADDR</spirit:value>
          </spirit:parameter>
          <spirit:parameter>
            <spirit:name>OFFSET_HIGH_PARAM</spirit:name>
            <spirit:value spirit:id="ADDRBLOCKPARAM_VALUE.S00_AXI.S00_AXI_REG.OFFSET_HIGH_PARAM">C_S00_AXI_HIGHADDR</spirit:value>
          </spirit:parameter>
        </spirit:parameters>
      </spirit:addressBlock>
    </spirit:memoryMap>
  </spirit:memoryMaps>
  <spirit:model>
    <spirit:views>
      <spirit:view>
        <spirit:name>xilinx_verilogsynthesis</spirit:name>
        <spirit:displayName>Verilog Synthesis</spirit:displayName>
        <spirit:envIdentifier>verilogSource:vivado.xilinx.com:synthesis</spirit:envIdentifier>
        <spirit:language>verilog</spirit:language>
        <spirit:modelName>OrganHarmonizer_v1_0</spirit:modelName>
        <spirit:fileSetRef>
          <spirit:localName>xilinx_verilogsynthesis_view_fileset</spirit:localName>
        </spirit:fileSetRef>
        <spirit:parameters>
          <spirit:parameter>
            <spirit:name>viewChecksum</spirit:name>
            <spirit:value>533c212e</spirit:value>
          </spirit:parameter>
        </spirit:parameters>
      </spirit:view>
      <spirit:view>
        <spirit:name>xilinx_verilogbehavioralsimulation</spirit:name>
        <spirit:displayName>Verilog Simulation</spirit:displayName>
        <spirit:envIdentifier>verilogSource:vivado.xilinx.com:simulation</spirit:envIdentifier>
        <spirit:language>verilog</spirit:language>
        <spirit:modelName>OrganHarmonizer_v1_0</spirit:modelName>
        <spirit:fileSetRef>
          <spirit:localName>xilinx_verilogbehavioralsimulation_view_fileset</spirit:localName>
        </spirit:fileSetRef>
        <spirit:parameters>
          <spirit:parameter>
            <spirit:name>viewChecksum</spirit:name>
            <spirit:value>533c212e</spirit:value>
          </spirit:parameter>
        </spirit:parameters>
      </spirit:view>
      <spirit:view>
        <spirit:name>xilinx_softwaredriver</spirit:name>
        <spirit:displayName>Software Driver</spirit:displayName>
        <spirit:envIdentifier>:vivado.xilinx.com:sw.driver</spirit:envIdentifier>
        <spirit:fileSetRef>
          <spirit:localName>xilinx_softwaredriver_view_fileset</spirit:localName>
        </spirit:fileSetRef>
        <spirit:parameters>
          <spirit:parameter>
            <spirit:name>viewChecksum</spirit:name>
            <spirit:value>3752df75</spirit:value>
          </spirit:parameter>
        </spirit:parameters>
      </spirit:view>
      <spirit:view>
        <spirit:name>xilinx_xpgui</spirit:name>
        <spirit:displayName>UI Layout</spirit:displayName>
        <spirit:envIdentifier>:vivado.xilinx.com:xgui.ui</spirit:envIdentifier>
        <spirit:fileSetRef>
          <spirit:localName>xilinx_xpgui_view_fileset</spirit:localName>
        </spirit:fileSetRef>
        <spirit:parameters>
          <spirit:parameter>
            <spirit:name>viewChecksum</spirit:name>
            <spirit:value>dda4df14</spirit:value>
          </spirit:parameter>
        </spirit:parameters>
      </spirit:view>
      <spirit:view>
        <spirit:name>bd_tcl</spirit:name>
        <spirit:displayName>Block Diagram</spirit:displayName>
        <spirit:envIdentifier>:vivado.xilinx.com:block.diagram</spirit:envIdentifier>
        <spirit:fileSetRef>
          <spirit:localName>bd_tcl_view_fileset</spirit:localName>
        </spirit:fileSetRef>
        <spirit:parameters>
          <spirit:parameter>
            <spirit:name>viewChecksum</spirit:name>
            <spirit:value>16328387</spirit:value>
          </spirit:parameter>
        </spirit:parameters>
      </spirit:view>
    </spirit:views>
    <spirit:ports>
      <spirit:port>
        <spirit:name>s00_axi_awaddr</spirit:name>
        <spirit:wire>
          <spirit:direction>in</spirit:direction>
          <spirit:vector>
            <spirit:left spirit:format="long" spirit:resolve="dependent" spirit:dependency="(spirit:decode(id(&apos;MODELPARAM_VALUE.C_S00_AXI_ADDR_WIDTH&apos;)) - 1)">3</spirit:left>
            <spirit:right spirit:format="long">0</spirit:right>
          </spirit:vector>
          <spirit:wireTypeDefs>
            <spirit:wireTypeDef>
              <spirit:typeName>wire</spirit:typeName>
              <spirit:viewNameRef>xilinx_verilogsynthesis</spirit:viewNameRef>
              <spirit:viewNameRef>xilinx_verilogbehavioralsimulation</spirit:viewNameRef>
            </spirit:wireTypeDef>
          </spirit:wireTypeDefs>
        </spirit:wire>
      </spirit:port>
      <spirit:port>
        <spirit:name>s00_axi_awprot</spirit:name>
        <spirit:wire>
          <spirit:direction>in</spirit:direction>
          <spirit:vector>
            <spirit:left spirit:format="long">2</spirit:left>
            <spirit:right spirit:format="long">0</spirit:right>
          </spirit:vector>
          <spirit:wireTypeDefs>
            <spirit:wireTypeDef>
              <spirit:typeName>wire</spirit:typeName>
              <spirit:viewNameRef>xilinx_verilogsynthesis</spirit:viewNameRef>
              <spirit:viewNameRef>xilinx_verilogbehavioralsimulation</spirit:viewNameRef>
            </spirit:wireTypeDef>
          </spirit:wireTypeDefs>
        </spirit:wire>
      </spirit:port>
      <spirit:port>
        <spirit:name>s00_axi_awvalid</spirit:name>
        <spirit:wire>
          <spirit:direction>in</spirit:direction>
          <spirit:wireTypeDefs>
            <spirit:wireTypeDef>
              <spirit:typeName>wire</spirit:typeName>
              <spirit:viewNameRef>xilinx_verilogsynthesis</spirit:viewNameRef>
              <spirit:viewNameRef>xilinx_verilogbehavioralsimulation</spirit:viewNameRef>
            </spirit:wireTypeDef>
          </spirit:wireTypeDefs>
        </spirit:wire>
      </spirit:port>
      <spirit:port>
        <spirit:name>s00_axi_awready</spirit:name>
        <spirit:wire>
          <spirit:direction>out</spirit:direction>
          <spirit:wireTypeDefs>
            <spirit:wireTypeDef>
              <spirit:typeName>wire</spirit:typeName>
              <spirit:viewNameRef>xilinx_verilogsynthesis</spirit:viewNameRef>
              <spirit:viewNameRef>xilinx_verilogbehavioralsimulation</spirit:viewNameRef>
            </spirit:wireTypeDef>
          </spirit:wireTypeDefs>
        </spirit:wire>
      </spirit:port>
      <spirit:port>
        <spirit:name>s00_axi_wdata</spirit:name>
        <spirit:wire>
          <spirit:direction>in</spirit:direction>
          <spirit:vector>
            <spirit:left spirit:format="long" spirit:resolve="dependent" spirit:dependency="(spirit:decode(id(&apos;MODELPARAM_VALUE.C_S00_AXI_DATA_WIDTH&apos;)) - 1)">31</spirit:left>
            <spirit:right spirit:format="long">0</spirit:right>
          </spirit:vector>
          <spirit:wireTypeDefs>
            <spirit:wireTypeDef>
              <spirit:typeName>wire</spirit:typeName>
              <spirit:viewNameRef>xilinx_verilogsynthesis</spirit:viewNameRef>
              <spirit:viewNameRef>xilinx_verilogbehavioralsimulation</spirit:viewNameRef>
            </spirit:wireTypeDef>
          </spirit:wireTypeDefs>
        </spirit:wire>
      </spirit:port>
      <spirit:port>
        <spirit:name>s00_axi_wstrb</spirit:name>
        <spirit:wire>
          <spirit:direction>in</spirit:direction>
          <spirit:vector>
            <spirit:left spirit:format="long" spirit:resolve="dependent" spirit:dependency="((spirit:decode(id(&apos;MODELPARAM_VALUE.C_S00_AXI_DATA_WIDTH&apos;)) / 8) - 1)">3</spirit:left>
            <spirit:right spirit:format="long">0</spirit:right>
          </spirit:vector>
          <spirit:wireTypeDefs>
            <spirit:wireTypeDef>
              <spirit:typeName>wire</spirit:typeName>
              <spirit:viewNameRef>xilinx_verilogsynthesis</spirit:viewNameRef>
              <spirit:viewNameRef>xilinx_verilogbehavioralsimulation</spirit:viewNameRef>
            </spirit:wireTypeDef>
          </spirit:wireTypeDefs>
        </spirit:wire>
      </spirit:port>
      <spirit:port>
        <spirit:name>s00_axi_wvalid</spirit:name>
        <spirit:wire>
          <spirit:direction>in</spirit:direction>
          <spirit:wireTypeDefs>
            <spirit:wireTypeDef>
              <spirit:typeName>wire</spirit:typeName>
              <spirit:viewNameRef>xilinx_verilogsynthesis</spirit:viewNameRef>
              <spirit:viewNameRef>xilinx_verilogbehavioralsimulation</spirit:viewNameRef>
            </spirit:wireTypeDef>
          </spirit:wireTypeDefs>
        </spirit:wire>
      </spirit:port>
      <spirit:port>
        <spirit:name>s00_axi_wready</spirit:name>
        <spirit:wire>
          <spirit:direction>out</spirit:direction>
          <spirit:wireTypeDefs>
            <spirit:wireTypeDef>
              <spirit:typeName>wire</spirit:typeName>
              <spirit:viewNameRef>xilinx_verilogsynthesis</spirit:viewNameRef>
              <spirit:viewNameRef>xilinx_verilogbehavioralsimulation</spirit:viewNameRef>
            </spirit:wireTypeDef>
          </spirit:wireTypeDefs>
        </spirit:wire>
      </spirit:port>
      <spirit:port>
        <spirit:name>s00_axi_bresp</spirit:name>
        <spirit:wire>
          <spirit:direction>out</spirit:direction>
          <spirit:vector>
            <spirit:left spirit:format="long">1</spirit:left>
            <spirit:right spirit:format="long">0</spirit:right>
          </spirit:vector>
          <spirit:wireTypeDefs>
            <spirit:wireTypeDef>
              <spirit:typeName>wire</spirit:typeName>
              <spirit:viewNameRef>xilinx_verilogsynthesis</spirit:viewNameRef>
              <spirit:viewNameRef>xilinx_verilogbehavioralsimulation</spirit:viewNameRef>
            </spirit:wireTypeDef>
          </spirit:wireTypeDefs>
        </spirit:wire>
      </spirit:port>
      <spirit:port>
        <spirit:name>s00_axi_bvalid</spirit:name>
        <spirit:wire>
          <spirit:direction>out</spirit:direction>
          <spirit:wireTypeDefs>
            <spirit:wireTypeDef>
              <spirit:typeName>wire</spirit:typeName>
              <spirit:viewNameRef>xilinx_verilogsynthesis</spirit:viewNameRef>
              <spirit:viewNameRef>xilinx_verilogbehavioralsimulation</spirit:viewNameRef>
            </spirit:wireTypeDef>
          </spirit:wireTypeDefs>
        </spirit:wire>
      </spirit:port>
      <spirit:port>
        <spirit:name>s00_axi_bready</spirit:name>
        <spirit:wire>
          <spirit:direction>in</spirit:direction>
          <spirit:wireTypeDefs>
            <spirit:wireTypeDef>
              <spirit:typeName>wire</spirit:typeName>
              <spirit:viewNameRef>xilinx_verilogsynthesis</spirit:viewNameRef>
              <spirit:viewNameRef>xilinx_verilogbehavioralsimulation</spirit:viewNameRef>
            </spirit:wireTypeDef>
          </spirit:wireTypeDefs>
        </spirit:wire>
      </spirit:port>
      <spirit:port>
        <spirit:name>s00_axi_araddr</spirit:name>
        <spirit:wire>
          <spirit:direction>in</spirit:direction>
          <spirit:vector>
            <spirit:left spirit:format="long" spirit:resolve="dependent" spirit:dependency="(spirit:decode(id(&apos;MODELPARAM_VALUE.C_S00_AXI_ADDR_WIDTH&apos;)) - 1)">3</spirit:left>
            <spirit:right spirit:format="long">0</spirit:right>
          </spirit:vector>
          <spirit:wireTypeDefs>
            <spirit:wireTypeDef>
              <spirit:typeName>wire</spirit:typeName>
              <spirit:viewNameRef>xilinx_verilogsynthesis</spirit:viewNameRef>
              <spirit:viewNameRef>xilinx_verilogbehavioralsimulation</spirit:viewNameRef>
            </spirit:wireTypeDef>
          </spirit:wireTypeDefs>
        </spirit:wire>
      </spirit:port>
      <spirit:port>
        <spirit:name>s00_axi_arprot</spirit:name>
        <spirit:wire>
          <spirit:direction>in</spirit:direction>
          <spirit:vector>
            <spirit:left spirit:format="long">2</spirit:left>
            <spirit:right spirit:format="long">0</spirit:right>
          </spirit:vector>
          <spirit:wireTypeDefs>
            <spirit:wireTypeDef>
              <spirit:typeName>wire</spirit:typeName>
              <spirit:viewNameRef>xilinx_verilogsynthesis</spirit:viewNameRef>
              <spirit:viewNameRef>xilinx_verilogbehavioralsimulation</spirit:viewNameRef>
            </spirit:wireTypeDef>
          </spirit:wireTypeDefs>
        </spirit:wire>
      </spirit:port>
      <spirit:port>
        <spirit:name>s00_axi_arvalid</spirit:name>
        <spirit:wire>
          <spirit:direction>in</spirit:direction>
          <spirit:wireTypeDefs>
            <spirit:wireTypeDef>
              <spirit:typeName>wire</spirit:typeName>
              <spirit:viewNameRef>xilinx_verilogsynthesis</spirit:viewNameRef>
              <spirit:viewNameRef>xilinx_verilogbehavioralsimulation</spirit:viewNameRef>
            </spirit:wireTypeDef>
          </spirit:wireTypeDefs>
        </spirit:wire>
      </spirit:port>
      <spirit:port>
        <spirit:name>s00_axi_arready</spirit:name>
        <spirit:wire>
          <spirit:direction>out</spirit:direction>
          <spirit:wireTypeDefs>
            <spirit:wireTypeDef>
              <spirit:typeName>wire</spirit:typeName>
              <spirit:viewNameRef>xilinx_verilogsynthesis</spirit:viewNameRef>
              <spirit:viewNameRef>xilinx_verilogbehavioralsimulation</spirit:viewNameRef>
            </spirit:wireTypeDef>
          </spirit:wireTypeDefs>
        </spirit:wire>
      </spirit:port>
      <spirit:port>
        <spirit:name>s00_axi_rdata</spirit:name>
        <spirit:wire>
          <spirit:direction>out</spirit:direction>
          <spirit:vector>
            <spirit:left spirit:format="long" spirit:resolve="dependent" spirit:dependency="(spirit:decode(id(&apos;MODELPARAM_VALUE.C_S00_AXI_DATA_WIDTH&apos;)) - 1)">31</spirit:left>
            <spirit:right spirit:format="long">0</spirit:right>
          </spirit:vector>
          <spirit:wireTypeDefs>
            <spirit:wireTypeDef>
              <spirit:typeName>wire</spirit:typeName>
              <spirit:viewNameRef>xilinx_verilogsynthesis</spirit:viewNameRef>
              <spirit:viewNameRef>xilinx_verilogbehavioralsimulation</spirit:viewNameRef>
            </spirit:wireTypeDef>
          </spirit:wireTypeDefs>
        </spirit:wire>
      </spirit:port>
      <spirit:port>
        <spirit:name>s00_axi_rresp</spirit:name>
        <spirit:wire>
          <spirit:direction>out</spirit:direction>
          <spirit:vector>
            <spirit:left spirit:format="long">1</spirit:left>
            <spirit:right spirit:format="long">0</spirit:right>
          </spirit:vector>
          <spirit:wireTypeDefs>
            <spirit:wireTypeDef>
              <spirit:typeName>wire</spirit:typeName>
              <spirit:viewNameRef>xilinx_verilogsynthesis</spirit:viewNameRef>
              <spirit:viewNameRef>xilinx_verilogbehavioralsimulation</spirit:viewNameRef>
            </spirit:wireTypeDef>
          </spirit:wireTypeDefs>
        </spirit:wire>
      </spirit:port>
      <spirit:port>
        <spirit:name>s00_axi_rvalid</spirit:name>
        <spirit:wire>
          <spirit:direction>out</spirit:direction>
          <spirit:wireTypeDefs>
            <spirit:wireTypeDef>
              <spirit:typeName>wire</spirit:typeName>
              <spirit:viewNameRef>xilinx_verilogsynthesis</spirit:viewNameRef>
              <spirit:viewNameRef>xilinx_verilogbehavioralsimulation</spirit:viewNameRef>
            </spirit:wireTypeDef>
          </spirit:wireTypeDefs>
        </spirit:wire>
      </spirit:port>
      <spirit:port>
        <spirit:name>s00_axi_rready</spirit:name>
        <spirit:wire>
          <spirit:direction>in</spirit:direction>
          <spirit:wireTypeDefs>
            <spirit:wireTypeDef>
              <spirit:typeName>wire</spirit:typeName>
              <spirit:viewNameRef>xilinx_verilogsynthesis</spirit:viewNameRef>
              <spirit:viewNameRef>xilinx_verilogbehavioralsimulation</spirit:viewNameRef>
            </spirit:wireTypeDef>
          </spirit:wireTypeDefs>
        </spirit:wire>
      </spirit:port>
      <spirit:port>
        <spirit:name>s00_axi_aclk</spirit:name>
        <spirit:wire>
          <spirit:direction>in</spirit:direction>
          <spirit:wireTypeDefs>
            <spirit:wireTypeDef>
              <spirit:typeName>wire</spirit:typeName>
              <spirit:viewNameRef>xilinx_verilogsynthesis</spirit:viewNameRef>
              <spirit:viewNameRef>xilinx_verilogbehavioralsimulation</spirit:viewNameRef>
            </spirit:wireTypeDef>
          </spirit:wireTypeDefs>
        </spirit:wire>
      </spirit:port>
      <spirit:port>
        <spirit:name>s00_axi_aresetn</spirit:name>
        <spirit:wire>
          <spirit:direction>in</spirit:direction>
          <spirit:wireTypeDefs>
            <spirit:wireTypeDef>
              <spirit:typeName>wire</spirit:typeName>
              <spirit:viewNameRef>xilinx_verilogsynthesis</spirit:viewNameRef>
              <spirit:viewNameRef>xilinx_verilogbehavioralsimulation</spirit:viewNameRef>
            </spirit:wireTypeDef>
          </spirit:wireTypeDefs>
        </spirit:wire>
      </spirit:port>
    </spirit:ports>
    <spirit:modelParameters>
      <spirit:modelParameter xsi:type="spirit:nameValueTypeType" spirit:dataType="integer">
        <spirit:name>C_S00_AXI_DATA_WIDTH</spirit:name>
        <spirit:displayName>C S00 AXI DATA WIDTH</spirit:displayName>
        <spirit:description>Width of S_AXI data bus</spirit:description>
        <spirit:value spirit:format="long" spirit:resolve="generated" spirit:id="MODELPARAM_VALUE.C_S00_AXI_DATA_WIDTH" spirit:order="3" spirit:rangeType="long">32</spirit:value>
      </spirit:modelParameter>
      <spirit:modelParameter spirit:dataType="integer">
        <spirit:name>C_S00_AXI_ADDR_WIDTH</spirit:name>
        <spirit:displayName>C S00 AXI ADDR WIDTH</spirit:displayName>
        <spirit:description>Width of S_AXI address bus</spirit:description>
        <spirit:value spirit:format="long" spirit:resolve="generated" spirit:id="MODELPARAM_VALUE.C_S00_AXI_ADDR_WIDTH" spirit:order="4" spirit:rangeType="long">4</spirit:value>
      </spirit:modelParameter>
    </spirit:modelParameters>
  </spirit:model>
  <spirit:choices>
    <spirit:choice>
      <spirit:name>choice_list_6fc15197</spirit:name>
      <spirit:enumeration>32</spirit:enumeration>
    </spirit:choice>
    <spirit:choice>
      <spirit:name>choice_list_9d8b0d81</spirit:name>
      <spirit:enumeration>ACTIVE_HIGH</spirit:enumeration>
      <spirit:enumeration>ACTIVE_LOW</spirit:enumeration>
    </spirit:choice>
    <spirit:choice>
      <spirit:name>choice_pairs_ce1226b1</spirit:name>
      <spirit:enumeration spirit:text="true">1</spirit:enumeration>
      <spirit:enumeration spirit:text="false">0</spirit:enumeration>
    </spirit:choice>
  </spirit:choices>
  <spirit:fileSets>
    <spirit:fileSet>
      <spirit:name>xilinx_verilogsynthesis_view_fileset</spirit:name>
      <spirit:file>
        <spirit:name>hdl/OrganHarmonizer_v1_0_S00_AXI.v</spirit:name>
        <spirit:fileType>verilogSource</spirit:fileType>
      </spirit:file>
      <spirit:file>
        <spirit:name>src/blender.v</spirit:name>
        <spirit:fileType>verilogSource</spirit:fileType>
      </spirit:file>
      <spirit:file>
        <spirit:name>src/fcw_ctrl.v</spirit:name>
        <spirit:fileType>verilogSource</spirit:fileType>
      </spirit:file>
      <spirit:file>
        <spirit:name>src/fcw_table.v</spirit:name>
        <spirit:fileType>verilogSource</spirit:fileType>
      </spirit:file>
      <spirit:file>
        <spirit:name>src/harmonizer.v</spirit:name>
        <spirit:fileType>verilogSource</spirit:fileType>
      </spirit:file>
      <spirit:file>
        <spirit:name>src/music_dds.v</spirit:name>
        <spirit:fileType>verilogSource</spirit:fileType>
      </spirit:file>
      <spirit:file>
        <spirit:name>src/nco.v</spirit:name>
        <spirit:fileType>verilogSource</spirit:fileType>
      </spirit:file>
      <spirit:file>
        <spirit:name>src/organ_note.v</spirit:name>
        <spirit:fileType>verilogSource</spirit:fileType>
      </spirit:file>
      <spirit:file>
        <spirit:name>src/sine_table.v</spirit:name>
        <spirit:fileType>verilogSource</spirit:fileType>
      </spirit:file>
      <spirit:file>
        <spirit:name>src/tone_gen.v</spirit:name>
        <spirit:fileType>verilogSource</spirit:fileType>
      </spirit:file>
      <spirit:file>
        <spirit:name>hdl/OrganHarmonizer_v1_0.v</spirit:name>
        <spirit:fileType>verilogSource</spirit:fileType>
        <spirit:userFileType>CHECKSUM_14be9074</spirit:userFileType>
      </spirit:file>
    </spirit:fileSet>
    <spirit:fileSet>
      <spirit:name>xilinx_verilogbehavioralsimulation_view_fileset</spirit:name>
      <spirit:file>
        <spirit:name>hdl/OrganHarmonizer_v1_0_S00_AXI.v</spirit:name>
        <spirit:fileType>verilogSource</spirit:fileType>
      </spirit:file>
      <spirit:file>
        <spirit:name>src/blender.v</spirit:name>
        <spirit:fileType>verilogSource</spirit:fileType>
      </spirit:file>
      <spirit:file>
        <spirit:name>src/fcw_ctrl.v</spirit:name>
        <spirit:fileType>verilogSource</spirit:fileType>
      </spirit:file>
      <spirit:file>
        <spirit:name>src/fcw_table.v</spirit:name>
        <spirit:fileType>verilogSource</spirit:fileType>
      </spirit:file>
      <spirit:file>
        <spirit:name>src/harmonizer.v</spirit:name>
        <spirit:fileType>verilogSource</spirit:fileType>
      </spirit:file>
      <spirit:file>
        <spirit:name>src/music_dds.v</spirit:name>
        <spirit:fileType>verilogSource</spirit:fileType>
      </spirit:file>
      <spirit:file>
        <spirit:name>src/nco.v</spirit:name>
        <spirit:fileType>verilogSource</spirit:fileType>
      </spirit:file>
      <spirit:file>
        <spirit:name>src/organ_note.v</spirit:name>
        <spirit:fileType>verilogSource</spirit:fileType>
      </spirit:file>
      <spirit:file>
        <spirit:name>src/sine_table.v</spirit:name>
        <spirit:fileType>verilogSource</spirit:fileType>
      </spirit:file>
      <spirit:file>
        <spirit:name>src/tone_gen.v</spirit:name>
        <spirit:fileType>verilogSource</spirit:fileType>
      </spirit:file>
      <spirit:file>
        <spirit:name>hdl/OrganHarmonizer_v1_0.v</spirit:name>
        <spirit:fileType>verilogSource</spirit:fileType>
      </spirit:file>
    </spirit:fileSet>
    <spirit:fileSet>
      <spirit:name>xilinx_softwaredriver_view_fileset</spirit:name>
      <spirit:file>
        <spirit:name>drivers/OrganHarmonizer_v1_0/data/OrganHarmonizer.mdd</spirit:name>
        <spirit:userFileType>mdd</spirit:userFileType>
        <spirit:userFileType>driver_mdd</spirit:userFileType>
      </spirit:file>
      <spirit:file>
        <spirit:name>drivers/OrganHarmonizer_v1_0/data/OrganHarmonizer.tcl</spirit:name>
        <spirit:fileType>tclSource</spirit:fileType>
        <spirit:userFileType>driver_tcl</spirit:userFileType>
      </spirit:file>
      <spirit:file>
        <spirit:name>drivers/OrganHarmonizer_v1_0/src/Makefile</spirit:name>
        <spirit:userFileType>driver_src</spirit:userFileType>
      </spirit:file>
      <spirit:file>
        <spirit:name>drivers/OrganHarmonizer_v1_0/src/OrganHarmonizer.h</spirit:name>
        <spirit:fileType>cSource</spirit:fileType>
        <spirit:userFileType>driver_src</spirit:userFileType>
      </spirit:file>
      <spirit:file>
        <spirit:name>drivers/OrganHarmonizer_v1_0/src/OrganHarmonizer.c</spirit:name>
        <spirit:fileType>cSource</spirit:fileType>
        <spirit:userFileType>driver_src</spirit:userFileType>
      </spirit:file>
      <spirit:file>
        <spirit:name>drivers/OrganHarmonizer_v1_0/src/OrganHarmonizer_selftest.c</spirit:name>
        <spirit:fileType>cSource</spirit:fileType>
        <spirit:userFileType>driver_src</spirit:userFileType>
      </spirit:file>
    </spirit:fileSet>
    <spirit:fileSet>
      <spirit:name>xilinx_xpgui_view_fileset</spirit:name>
      <spirit:file>
        <spirit:name>xgui/OrganHarmonizer_v1_0.tcl</spirit:name>
        <spirit:fileType>tclSource</spirit:fileType>
        <spirit:userFileType>CHECKSUM_dda4df14</spirit:userFileType>
        <spirit:userFileType>XGUI_VERSION_2</spirit:userFileType>
      </spirit:file>
    </spirit:fileSet>
    <spirit:fileSet>
      <spirit:name>bd_tcl_view_fileset</spirit:name>
      <spirit:file>
        <spirit:name>bd/bd.tcl</spirit:name>
        <spirit:fileType>tclSource</spirit:fileType>
      </spirit:file>
    </spirit:fileSet>
  </spirit:fileSets>
  <spirit:description>Harmonizer with subharmonics</spirit:description>
  <spirit:parameters>
    <spirit:parameter>
      <spirit:name>C_S00_AXI_DATA_WIDTH</spirit:name>
      <spirit:displayName>C S00 AXI DATA WIDTH</spirit:displayName>
      <spirit:description>Width of S_AXI data bus</spirit:description>
      <spirit:value spirit:format="long" spirit:resolve="user" spirit:id="PARAM_VALUE.C_S00_AXI_DATA_WIDTH" spirit:choiceRef="choice_list_6fc15197" spirit:order="3">32</spirit:value>
      <spirit:vendorExtensions>
        <xilinx:parameterInfo>
          <xilinx:enablement>
            <xilinx:isEnabled xilinx:id="PARAM_ENABLEMENT.C_S00_AXI_DATA_WIDTH">false</xilinx:isEnabled>
          </xilinx:enablement>
        </xilinx:parameterInfo>
      </spirit:vendorExtensions>
    </spirit:parameter>
    <spirit:parameter>
      <spirit:name>C_S00_AXI_ADDR_WIDTH</spirit:name>
      <spirit:displayName>C S00 AXI ADDR WIDTH</spirit:displayName>
      <spirit:description>Width of S_AXI address bus</spirit:description>
      <spirit:value spirit:format="long" spirit:resolve="user" spirit:id="PARAM_VALUE.C_S00_AXI_ADDR_WIDTH" spirit:order="4" spirit:rangeType="long">4</spirit:value>
      <spirit:vendorExtensions>
        <xilinx:parameterInfo>
          <xilinx:enablement>
            <xilinx:isEnabled xilinx:id="PARAM_ENABLEMENT.C_S00_AXI_ADDR_WIDTH">false</xilinx:isEnabled>
          </xilinx:enablement>
        </xilinx:parameterInfo>
      </spirit:vendorExtensions>
    </spirit:parameter>
    <spirit:parameter>
      <spirit:name>C_S00_AXI_BASEADDR</spirit:name>
      <spirit:displayName>C S00 AXI BASEADDR</spirit:displayName>
      <spirit:value spirit:format="bitString" spirit:resolve="user" spirit:id="PARAM_VALUE.C_S00_AXI_BASEADDR" spirit:order="5" spirit:bitStringLength="32">0xFFFFFFFF</spirit:value>
      <spirit:vendorExtensions>
        <xilinx:parameterInfo>
          <xilinx:enablement>
            <xilinx:isEnabled xilinx:id="PARAM_ENABLEMENT.C_S00_AXI_BASEADDR">false</xilinx:isEnabled>
          </xilinx:enablement>
        </xilinx:parameterInfo>
      </spirit:vendorExtensions>
    </spirit:parameter>
    <spirit:parameter>
      <spirit:name>C_S00_AXI_HIGHADDR</spirit:name>
      <spirit:displayName>C S00 AXI HIGHADDR</spirit:displayName>
      <spirit:value spirit:format="bitString" spirit:resolve="user" spirit:id="PARAM_VALUE.C_S00_AXI_HIGHADDR" spirit:order="6" spirit:bitStringLength="32">0x00000000</spirit:value>
      <spirit:vendorExtensions>
        <xilinx:parameterInfo>
          <xilinx:enablement>
            <xilinx:isEnabled xilinx:id="PARAM_ENABLEMENT.C_S00_AXI_HIGHADDR">false</xilinx:isEnabled>
          </xilinx:enablement>
        </xilinx:parameterInfo>
      </spirit:vendorExtensions>
    </spirit:parameter>
    <spirit:parameter>
      <spirit:name>Component_Name</spirit:name>
      <spirit:value spirit:resolve="user" spirit:id="PARAM_VALUE.Component_Name" spirit:order="1">OrganHarmonizer_v1_0</spirit:value>
    </spirit:parameter>
  </spirit:parameters>
  <spirit:vendorExtensions>
    <xilinx:coreExtensions>
      <xilinx:supportedFamilies>
        <xilinx:family xilinx:lifeCycle="Pre-Production">zynq</xilinx:family>
      </xilinx:supportedFamilies>
      <xilinx:taxonomies>
        <xilinx:taxonomy>AXI_Peripheral</xilinx:taxonomy>
      </xilinx:taxonomies>
      <xilinx:displayName>OrganHarmonizer_v1.0</xilinx:displayName>
      <xilinx:coreRevision>23</xilinx:coreRevision>
      <xilinx:coreCreationDateTime>2021-02-07T22:27:52Z</xilinx:coreCreationDateTime>
      <xilinx:tags>
        <xilinx:tag xilinx:name="ui.data.coregen.dd@1c9dc001_ARCHIVE_LOCATION">c:/Projects/ip_repo/OrganHarmonizer_1.0</xilinx:tag>
        <xilinx:tag xilinx:name="ui.data.coregen.dd@2eb1a056_ARCHIVE_LOCATION">c:/Projects/ip_repo/OrganHarmonizer_1.0</xilinx:tag>
        <xilinx:tag xilinx:name="ui.data.coregen.dd@4d54a97d_ARCHIVE_LOCATION">c:/Projects/ip_repo/OrganHarmonizer_1.0</xilinx:tag>
        <xilinx:tag xilinx:name="ui.data.coregen.dd@51850499_ARCHIVE_LOCATION">c:/Projects/ip_repo/OrganHarmonizer_1.0</xilinx:tag>
        <xilinx:tag xilinx:name="ui.data.coregen.dd@55d55b1d_ARCHIVE_LOCATION">c:/Projects/ip_repo/OrganHarmonizer_1.0</xilinx:tag>
        <xilinx:tag xilinx:name="ui.data.coregen.dd@db7d90f_ARCHIVE_LOCATION">c:/Projects/ip_repo/OrganHarmonizer_1.0</xilinx:tag>
        <xilinx:tag xilinx:name="ui.data.coregen.dd@33c4e314_ARCHIVE_LOCATION">c:/Projects/ip_repo/OrganHarmonizer_1.0</xilinx:tag>
        <xilinx:tag xilinx:name="ui.data.coregen.dd@28b2732f_ARCHIVE_LOCATION">c:/Projects/ip_repo/OrganHarmonizer_1.0</xilinx:tag>
        <xilinx:tag xilinx:name="ui.data.coregen.dd@b819c82_ARCHIVE_LOCATION">c:/Projects/ip_repo/OrganHarmonizer_1.0</xilinx:tag>
        <xilinx:tag xilinx:name="ui.data.coregen.dd@38372ca2_ARCHIVE_LOCATION">c:/Projects/ip_repo/OrganHarmonizer_1.0</xilinx:tag>
        <xilinx:tag xilinx:name="ui.data.coregen.dd@6c0aa094_ARCHIVE_LOCATION">c:/Projects/ip_repo/OrganHarmonizer_1.0</xilinx:tag>
        <xilinx:tag xilinx:name="ui.data.coregen.dd@447c71ee_ARCHIVE_LOCATION">c:/Projects/ip_repo/OrganHarmonizer_1.0</xilinx:tag>
        <xilinx:tag xilinx:name="ui.data.coregen.dd@d713a78_ARCHIVE_LOCATION">c:/Projects/ip_repo/OrganHarmonizer_1.0</xilinx:tag>
        <xilinx:tag xilinx:name="ui.data.coregen.dd@7d8c03ce_ARCHIVE_LOCATION">c:/Projects/ip_repo/OrganHarmonizer_1.0</xilinx:tag>
        <xilinx:tag xilinx:name="ui.data.coregen.dd@6370998f_ARCHIVE_LOCATION">c:/Projects/ip_repo/OrganHarmonizer_1.0</xilinx:tag>
        <xilinx:tag xilinx:name="ui.data.coregen.dd@293f473e_ARCHIVE_LOCATION">c:/Projects/ip_repo/OrganHarmonizer_1.0</xilinx:tag>
        <xilinx:tag xilinx:name="ui.data.coregen.dd@3dac90a1_ARCHIVE_LOCATION">c:/Projects/ip_repo/OrganHarmonizer_1.0</xilinx:tag>
        <xilinx:tag xilinx:name="ui.data.coregen.dd@7d360693_ARCHIVE_LOCATION">c:/Projects/ip_repo/OrganHarmonizer_1.0</xilinx:tag>
        <xilinx:tag xilinx:name="ui.data.coregen.dd@212624df_ARCHIVE_LOCATION">c:/Projects/ip_repo/OrganHarmonizer_1.0</xilinx:tag>
        <xilinx:tag xilinx:name="ui.data.coregen.dd@16f80aa7_ARCHIVE_LOCATION">c:/Projects/ip_repo/OrganHarmonizer_1.0</xilinx:tag>
        <xilinx:tag xilinx:name="ui.data.coregen.dd@148a4c6b_ARCHIVE_LOCATION">c:/Projects/ip_repo/OrganHarmonizer_1.0</xilinx:tag>
        <xilinx:tag xilinx:name="ui.data.coregen.dd@7bda09d9_ARCHIVE_LOCATION">c:/Projects/ip_repo/OrganHarmonizer_1.0</xilinx:tag>
        <xilinx:tag xilinx:name="ui.data.coregen.dd@3a945288_ARCHIVE_LOCATION">c:/Projects/ip_repo/OrganHarmonizer_1.0</xilinx:tag>
        <xilinx:tag xilinx:name="ui.data.coregen.dd@6c02eee0_ARCHIVE_LOCATION">c:/Projects/ip_repo/OrganHarmonizer_1.0</xilinx:tag>
        <xilinx:tag xilinx:name="ui.data.coregen.dd@42a1d78b_ARCHIVE_LOCATION">c:/Projects/ip_repo/OrganHarmonizer_1.0</xilinx:tag>
        <xilinx:tag xilinx:name="ui.data.coregen.dd@5ca92b45_ARCHIVE_LOCATION">c:/Projects/ip_repo/OrganHarmonizer_1.0</xilinx:tag>
        <xilinx:tag xilinx:name="ui.data.coregen.dd@702766da_ARCHIVE_LOCATION">c:/Projects/ip_repo/OrganHarmonizer_1.0</xilinx:tag>
        <xilinx:tag xilinx:name="ui.data.coregen.dd@1410e2b2_ARCHIVE_LOCATION">c:/Projects/ip_repo/OrganHarmonizer_1.0</xilinx:tag>
        <xilinx:tag xilinx:name="ui.data.coregen.dd@64fe600b_ARCHIVE_LOCATION">c:/Projects/ip_repo/OrganHarmonizer_1.0</xilinx:tag>
        <xilinx:tag xilinx:name="ui.data.coregen.dd@70686980_ARCHIVE_LOCATION">c:/Projects/ip_repo/OrganHarmonizer_1.0</xilinx:tag>
        <xilinx:tag xilinx:name="ui.data.coregen.dd@19623724_ARCHIVE_LOCATION">c:/Projects/ip_repo/OrganHarmonizer_1.0</xilinx:tag>
        <xilinx:tag xilinx:name="ui.data.coregen.dd@3b12e8b2_ARCHIVE_LOCATION">c:/Projects/ip_repo/OrganHarmonizer_1.0</xilinx:tag>
        <xilinx:tag xilinx:name="ui.data.coregen.dd@ba9dda0_ARCHIVE_LOCATION">c:/Projects/ip_repo/OrganHarmonizer_1.0</xilinx:tag>
        <xilinx:tag xilinx:name="ui.data.coregen.dd@15639be6_ARCHIVE_LOCATION">c:/Projects/ip_repo/OrganHarmonizer_1.0</xilinx:tag>
        <xilinx:tag xilinx:name="ui.data.coregen.dd@7094b678_ARCHIVE_LOCATION">c:/Projects/ip_repo/OrganHarmonizer_1.0</xilinx:tag>
        <xilinx:tag xilinx:name="ui.data.coregen.dd@5c0430d3_ARCHIVE_LOCATION">c:/Projects/ip_repo/OrganHarmonizer_1.0</xilinx:tag>
        <xilinx:tag xilinx:name="ui.data.coregen.dd@5fd8920_ARCHIVE_LOCATION">c:/Projects/ip_repo/OrganHarmonizer_1.0</xilinx:tag>
        <xilinx:tag xilinx:name="ui.data.coregen.dd@1ebd27d0_ARCHIVE_LOCATION">c:/Projects/ip_repo/OrganHarmonizer_1.0</xilinx:tag>
        <xilinx:tag xilinx:name="ui.data.coregen.dd@7ed5fa9a_ARCHIVE_LOCATION">c:/Projects/ip_repo/OrganHarmonizer_1.0</xilinx:tag>
        <xilinx:tag xilinx:name="ui.data.coregen.dd@3ea32eb_ARCHIVE_LOCATION">c:/Projects/ip_repo/OrganHarmonizer_1.0</xilinx:tag>
        <xilinx:tag xilinx:name="ui.data.coregen.dd@498286c1_ARCHIVE_LOCATION">c:/Projects/ip_repo/OrganHarmonizer_1.0</xilinx:tag>
        <xilinx:tag xilinx:name="ui.data.coregen.dd@452c2cf_ARCHIVE_LOCATION">c:/Projects/ip_repo/OrganHarmonizer_1.0</xilinx:tag>
        <xilinx:tag xilinx:name="ui.data.coregen.dd@19678cea_ARCHIVE_LOCATION">c:/Projects/ip_repo/OrganHarmonizer_1.0</xilinx:tag>
        <xilinx:tag xilinx:name="ui.data.coregen.dd@71bec79e_ARCHIVE_LOCATION">c:/Projects/ip_repo/OrganHarmonizer_1.0</xilinx:tag>
        <xilinx:tag xilinx:name="ui.data.coregen.dd@740f91a4_ARCHIVE_LOCATION">c:/Projects/ip_repo/OrganHarmonizer_1.0</xilinx:tag>
        <xilinx:tag xilinx:name="ui.data.coregen.dd@217ee041_ARCHIVE_LOCATION">c:/Projects/ip_repo/OrganHarmonizer_1.0</xilinx:tag>
        <xilinx:tag xilinx:name="ui.data.coregen.dd@dfadc6a_ARCHIVE_LOCATION">c:/Projects/ip_repo/OrganHarmonizer_1.0</xilinx:tag>
        <xilinx:tag xilinx:name="ui.data.coregen.dd@a90f292_ARCHIVE_LOCATION">c:/Projects/ip_repo/OrganHarmonizer_1.0</xilinx:tag>
        <xilinx:tag xilinx:name="ui.data.coregen.dd@23c236b0_ARCHIVE_LOCATION">c:/Projects/ip_repo/OrganHarmonizer_1.0</xilinx:tag>
        <xilinx:tag xilinx:name="ui.data.coregen.dd@73609ad6_ARCHIVE_LOCATION">c:/Projects/ip_repo/OrganHarmonizer_1.0</xilinx:tag>
        <xilinx:tag xilinx:name="ui.data.coregen.dd@a2bf3b_ARCHIVE_LOCATION">c:/Projects/ip_repo/OrganHarmonizer_1.0</xilinx:tag>
        <xilinx:tag xilinx:name="ui.data.coregen.dd@6c8c5398_ARCHIVE_LOCATION">c:/Projects/ip_repo/OrganHarmonizer_1.0</xilinx:tag>
        <xilinx:tag xilinx:name="ui.data.coregen.dd@2356f952_ARCHIVE_LOCATION">c:/Projects/ip_repo/OrganHarmonizer_1.0</xilinx:tag>
        <xilinx:tag xilinx:name="ui.data.coregen.dd@df1df1c_ARCHIVE_LOCATION">c:/Projects/ip_repo/OrganHarmonizer_1.0</xilinx:tag>
        <xilinx:tag xilinx:name="ui.data.coregen.dd@21f39f6d_ARCHIVE_LOCATION">c:/Projects/ip_repo/OrganHarmonizer_1.0</xilinx:tag>
        <xilinx:tag xilinx:name="ui.data.coregen.dd@5205708d_ARCHIVE_LOCATION">c:/Projects/ip_repo/OrganHarmonizer_1.0</xilinx:tag>
        <xilinx:tag xilinx:name="ui.data.coregen.dd@5fb6986a_ARCHIVE_LOCATION">c:/Projects/ip_repo/OrganHarmonizer_1.0</xilinx:tag>
        <xilinx:tag xilinx:name="ui.data.coregen.dd@739e55ec_ARCHIVE_LOCATION">c:/Projects/ip_repo/OrganHarmonizer_1.0</xilinx:tag>
        <xilinx:tag xilinx:name="ui.data.coregen.dd@630ce26b_ARCHIVE_LOCATION">c:/Projects/ip_repo/OrganHarmonizer_1.0</xilinx:tag>
        <xilinx:tag xilinx:name="ui.data.coregen.dd@2d9146a5_ARCHIVE_LOCATION">c:/Projects/ip_repo/OrganHarmonizer_1.0</xilinx:tag>
        <xilinx:tag xilinx:name="ui.data.coregen.dd@1b4e8657_ARCHIVE_LOCATION">c:/Projects/ip_repo/OrganHarmonizer_1.0</xilinx:tag>
        <xilinx:tag xilinx:name="ui.data.coregen.dd@6236be64_ARCHIVE_LOCATION">c:/Projects/ip_repo/OrganHarmonizer_1.0</xilinx:tag>
        <xilinx:tag xilinx:name="ui.data.coregen.dd@425086f9_ARCHIVE_LOCATION">c:/Projects/ip_repo/OrganHarmonizer_1.0</xilinx:tag>
        <xilinx:tag xilinx:name="ui.data.coregen.dd@7e74cbfc_ARCHIVE_LOCATION">c:/Projects/ip_repo/OrganHarmonizer_1.0</xilinx:tag>
        <xilinx:tag xilinx:name="ui.data.coregen.dd@52a81a20_ARCHIVE_LOCATION">c:/Projects/ip_repo/OrganHarmonizer_1.0</xilinx:tag>
        <xilinx:tag xilinx:name="ui.data.coregen.dd@6393015b_ARCHIVE_LOCATION">c:/Projects/ip_repo/OrganHarmonizer_1.0</xilinx:tag>
        <xilinx:tag xilinx:name="ui.data.coregen.dd@36ceb9a8_ARCHIVE_LOCATION">c:/Projects/ip_repo/OrganHarmonizer_1.0</xilinx:tag>
        <xilinx:tag xilinx:name="ui.data.coregen.dd@44ebddd6_ARCHIVE_LOCATION">c:/Projects/ip_repo/OrganHarmonizer_1.0</xilinx:tag>
        <xilinx:tag xilinx:name="ui.data.coregen.dd@7891944f_ARCHIVE_LOCATION">c:/Projects/ip_repo/OrganHarmonizer_1.0</xilinx:tag>
        <xilinx:tag xilinx:name="ui.data.coregen.dd@5ec29de4_ARCHIVE_LOCATION">c:/Projects/ip_repo/OrganHarmonizer_1.0</xilinx:tag>
        <xilinx:tag xilinx:name="ui.data.coregen.dd@228e40e4_ARCHIVE_LOCATION">c:/Projects/ip_repo/OrganHarmonizer_1.0</xilinx:tag>
        <xilinx:tag xilinx:name="ui.data.coregen.dd@684549f9_ARCHIVE_LOCATION">c:/Projects/ip_repo/OrganHarmonizer_1.0</xilinx:tag>
        <xilinx:tag xilinx:name="ui.data.coregen.dd@7b0d214c_ARCHIVE_LOCATION">c:/Projects/ip_repo/OrganHarmonizer_1.0</xilinx:tag>
        <xilinx:tag xilinx:name="ui.data.coregen.dd@5f85371d_ARCHIVE_LOCATION">c:/Projects/ip_repo/OrganHarmonizer_1.0</xilinx:tag>
        <xilinx:tag xilinx:name="ui.data.coregen.dd@1df96843_ARCHIVE_LOCATION">c:/Projects/ip_repo/OrganHarmonizer_1.0</xilinx:tag>
        <xilinx:tag xilinx:name="ui.data.coregen.dd@27dbfbe_ARCHIVE_LOCATION">c:/Projects/ip_repo/OrganHarmonizer_1.0</xilinx:tag>
        <xilinx:tag xilinx:name="ui.data.coregen.dd@3c891ef9_ARCHIVE_LOCATION">c:/Projects/ip_repo/OrganHarmonizer_1.0</xilinx:tag>
        <xilinx:tag xilinx:name="ui.data.coregen.dd@d872f79_ARCHIVE_LOCATION">c:/Projects/ip_repo/OrganHarmonizer_1.0</xilinx:tag>
        <xilinx:tag xilinx:name="ui.data.coregen.dd@32c0c297_ARCHIVE_LOCATION">c:/Projects/ip_repo/OrganHarmonizer_1.0</xilinx:tag>
        <xilinx:tag xilinx:name="ui.data.coregen.dd@4ee4c1d2_ARCHIVE_LOCATION">c:/Projects/ip_repo/OrganHarmonizer_1.0</xilinx:tag>
        <xilinx:tag xilinx:name="ui.data.coregen.dd@54c1cf07_ARCHIVE_LOCATION">c:/Projects/ip_repo/OrganHarmonizer_1.0</xilinx:tag>
        <xilinx:tag xilinx:name="ui.data.coregen.dd@43dc66c_ARCHIVE_LOCATION">c:/Projects/ip_repo/OrganHarmonizer_1.0</xilinx:tag>
        <xilinx:tag xilinx:name="ui.data.coregen.dd@18c95595_ARCHIVE_LOCATION">c:/Projects/ip_repo/OrganHarmonizer_1.0</xilinx:tag>
        <xilinx:tag xilinx:name="ui.data.coregen.dd@da7acca_ARCHIVE_LOCATION">c:/Projects/ip_repo/OrganHarmonizer_1.0</xilinx:tag>
        <xilinx:tag xilinx:name="ui.data.coregen.dd@19fe67ca_ARCHIVE_LOCATION">c:/Projects/ip_repo/OrganHarmonizer_1.0</xilinx:tag>
        <xilinx:tag xilinx:name="ui.data.coregen.dd@1e7e89df_ARCHIVE_LOCATION">c:/Projects/ip_repo/OrganHarmonizer_1.0</xilinx:tag>
        <xilinx:tag xilinx:name="ui.data.coregen.dd@4a217577_ARCHIVE_LOCATION">c:/Projects/ip_repo/OrganHarmonizer_1.0</xilinx:tag>
        <xilinx:tag xilinx:name="ui.data.coregen.dd@25fa1338_ARCHIVE_LOCATION">c:/Projects/ip_repo/OrganHarmonizer_1.0</xilinx:tag>
        <xilinx:tag xilinx:name="ui.data.coregen.dd@18d7c488_ARCHIVE_LOCATION">c:/Projects/ip_repo/OrganHarmonizer_1.0</xilinx:tag>
        <xilinx:tag xilinx:name="ui.data.coregen.dd@3f0007c7_ARCHIVE_LOCATION">c:/Projects/ip_repo/OrganHarmonizer_1.0</xilinx:tag>
        <xilinx:tag xilinx:name="ui.data.coregen.dd@6214e7a6_ARCHIVE_LOCATION">c:/Projects/ip_repo/OrganHarmonizer_1.0</xilinx:tag>
        <xilinx:tag xilinx:name="ui.data.coregen.dd@4c5ff3c8_ARCHIVE_LOCATION">c:/Projects/ip_repo/OrganHarmonizer_1.0</xilinx:tag>
        <xilinx:tag xilinx:name="ui.data.coregen.dd@7258b0b7_ARCHIVE_LOCATION">c:/Projects/ip_repo/OrganHarmonizer_1.0</xilinx:tag>
        <xilinx:tag xilinx:name="ui.data.coregen.dd@4b1855c2_ARCHIVE_LOCATION">c:/Projects/ip_repo/OrganHarmonizer_1.0</xilinx:tag>
        <xilinx:tag xilinx:name="ui.data.coregen.dd@48589927_ARCHIVE_LOCATION">c:/Projects/ip_repo/OrganHarmonizer_1.0</xilinx:tag>
        <xilinx:tag xilinx:name="ui.data.coregen.dd@7f989adb_ARCHIVE_LOCATION">c:/Projects/ip_repo/OrganHarmonizer_1.0</xilinx:tag>
        <xilinx:tag xilinx:name="ui.data.coregen.dd@6ff83d7b_ARCHIVE_LOCATION">c:/Projects/ip_repo/OrganHarmonizer_1.0</xilinx:tag>
        <xilinx:tag xilinx:name="ui.data.coregen.dd@7c5b9157_ARCHIVE_LOCATION">c:/Projects/ip_repo/OrganHarmonizer_1.0</xilinx:tag>
        <xilinx:tag xilinx:name="ui.data.coregen.dd@4d0f00f3_ARCHIVE_LOCATION">c:/Projects/ip_repo/OrganHarmonizer_1.0</xilinx:tag>
        <xilinx:tag xilinx:name="ui.data.coregen.dd@70a65e24_ARCHIVE_LOCATION">c:/Projects/ip_repo/OrganHarmonizer_1.0</xilinx:tag>
        <xilinx:tag xilinx:name="ui.data.coregen.dd@3f879861_ARCHIVE_LOCATION">c:/Projects/ip_repo/OrganHarmonizer_1.0</xilinx:tag>
        <xilinx:tag xilinx:name="ui.data.coregen.dd@723c5a12_ARCHIVE_LOCATION">c:/Projects/ip_repo/OrganHarmonizer_1.0</xilinx:tag>
        <xilinx:tag xilinx:name="ui.data.coregen.dd@3c5a6986_ARCHIVE_LOCATION">c:/Projects/ip_repo/OrganHarmonizer_1.0</xilinx:tag>
        <xilinx:tag xilinx:name="ui.data.coregen.dd@36a25c49_ARCHIVE_LOCATION">c:/Projects/ip_repo/OrganHarmonizer_1.0</xilinx:tag>
        <xilinx:tag xilinx:name="ui.data.coregen.dd@6d464876_ARCHIVE_LOCATION">c:/Projects/ip_repo/OrganHarmonizer_1.0</xilinx:tag>
        <xilinx:tag xilinx:name="ui.data.coregen.dd@3b678a5e_ARCHIVE_LOCATION">c:/Projects/ip_repo/OrganHarmonizer_1.0</xilinx:tag>
        <xilinx:tag xilinx:name="ui.data.coregen.dd@bfebe5c_ARCHIVE_LOCATION">c:/Projects/ip_repo/OrganHarmonizer_1.0</xilinx:tag>
        <xilinx:tag xilinx:name="ui.data.coregen.dd@73c88124_ARCHIVE_LOCATION">c:/Projects/ip_repo/OrganHarmonizer_1.0</xilinx:tag>
        <xilinx:tag xilinx:name="ui.data.coregen.dd@5a087e7f_ARCHIVE_LOCATION">c:/Projects/ip_repo/OrganHarmonizer_1.0</xilinx:tag>
        <xilinx:tag xilinx:name="ui.data.coregen.dd@7d6025b5_ARCHIVE_LOCATION">c:/Projects/ip_repo/OrganHarmonizer_1.0</xilinx:tag>
        <xilinx:tag xilinx:name="ui.data.coregen.dd@2bde1519_ARCHIVE_LOCATION">c:/Projects/ip_repo/OrganHarmonizer_1.0</xilinx:tag>
        <xilinx:tag xilinx:name="ui.data.coregen.dd@5adc739e_ARCHIVE_LOCATION">c:/Projects/ip_repo/OrganHarmonizer_1.0</xilinx:tag>
        <xilinx:tag xilinx:name="ui.data.coregen.dd@20ef2f59_ARCHIVE_LOCATION">c:/Projects/ip_repo/OrganHarmonizer_1.0</xilinx:tag>
        <xilinx:tag xilinx:name="ui.data.coregen.dd@2c62eb6e_ARCHIVE_LOCATION">c:/Projects/ip_repo/OrganHarmonizer_1.0</xilinx:tag>
        <xilinx:tag xilinx:name="ui.data.coregen.dd@2b091c71_ARCHIVE_LOCATION">c:/Projects/ip_repo/OrganHarmonizer_1.0</xilinx:tag>
        <xilinx:tag xilinx:name="ui.data.coregen.dd@6b86e90f_ARCHIVE_LOCATION">c:/Projects/ip_repo/OrganHarmonizer_1.0</xilinx:tag>
        <xilinx:tag xilinx:name="ui.data.coregen.dd@18cb360b_ARCHIVE_LOCATION">c:/Projects/ip_repo/OrganHarmonizer_1.0</xilinx:tag>
        <xilinx:tag xilinx:name="ui.data.coregen.dd@374938ae_ARCHIVE_LOCATION">c:/Projects/ip_repo/OrganHarmonizer_1.0</xilinx:tag>
        <xilinx:tag xilinx:name="ui.data.coregen.dd@1466cb7_ARCHIVE_LOCATION">c:/Projects/ip_repo/OrganHarmonizer_1.0</xilinx:tag>
        <xilinx:tag xilinx:name="ui.data.coregen.dd@4ab36966_ARCHIVE_LOCATION">c:/Projects/ip_repo/OrganHarmonizer_1.0</xilinx:tag>
        <xilinx:tag xilinx:name="ui.data.coregen.dd@5563297e_ARCHIVE_LOCATION">c:/Projects/ip_repo/OrganHarmonizer_1.0</xilinx:tag>
        <xilinx:tag xilinx:name="ui.data.coregen.dd@7053ad95_ARCHIVE_LOCATION">c:/Projects/ip_repo/OrganHarmonizer_1.0</xilinx:tag>
        <xilinx:tag xilinx:name="ui.data.coregen.dd@1a3e927c_ARCHIVE_LOCATION">c:/Projects/ip_repo/OrganHarmonizer_1.0</xilinx:tag>
        <xilinx:tag xilinx:name="ui.data.coregen.dd@12be90e1_ARCHIVE_LOCATION">c:/Projects/ip_repo/OrganHarmonizer_1.0</xilinx:tag>
        <xilinx:tag xilinx:name="ui.data.coregen.dd@138cf35a_ARCHIVE_LOCATION">c:/Projects/ip_repo/OrganHarmonizer_1.0</xilinx:tag>
        <xilinx:tag xilinx:name="ui.data.coregen.dd@3592e373_ARCHIVE_LOCATION">c:/Projects/ip_repo/OrganHarmonizer_1.0</xilinx:tag>
        <xilinx:tag xilinx:name="ui.data.coregen.dd@116f1127_ARCHIVE_LOCATION">c:/Projects/ip_repo/OrganHarmonizer_1.0</xilinx:tag>
        <xilinx:tag xilinx:name="ui.data.coregen.dd@6b133be_ARCHIVE_LOCATION">c:/Projects/ip_repo/OrganHarmonizer_1.0</xilinx:tag>
        <xilinx:tag xilinx:name="ui.data.coregen.dd@31d780ef_ARCHIVE_LOCATION">c:/Projects/ip_repo/OrganHarmonizer_1.0</xilinx:tag>
        <xilinx:tag xilinx:name="ui.data.coregen.dd@32711435_ARCHIVE_LOCATION">c:/Projects/ip_repo/OrganHarmonizer_1.0</xilinx:tag>
        <xilinx:tag xilinx:name="ui.data.coregen.dd@2ae3d1e8_ARCHIVE_LOCATION">c:/Projects/ip_repo/OrganHarmonizer_1.0</xilinx:tag>
        <xilinx:tag xilinx:name="ui.data.coregen.dd@7a248f4f_ARCHIVE_LOCATION">c:/Projects/ip_repo/OrganHarmonizer_1.0</xilinx:tag>
        <xilinx:tag xilinx:name="ui.data.coregen.dd@32315334_ARCHIVE_LOCATION">c:/Projects/ip_repo/OrganHarmonizer_1.0</xilinx:tag>
        <xilinx:tag xilinx:name="ui.data.coregen.dd@7e5ba5e8_ARCHIVE_LOCATION">c:/Projects/ip_repo/OrganHarmonizer_1.0</xilinx:tag>
        <xilinx:tag xilinx:name="ui.data.coregen.dd@64d00c5_ARCHIVE_LOCATION">c:/Projects/ip_repo/OrganHarmonizer_1.0</xilinx:tag>
        <xilinx:tag xilinx:name="ui.data.coregen.dd@3d414371_ARCHIVE_LOCATION">c:/Projects/ip_repo/OrganHarmonizer_1.0</xilinx:tag>
        <xilinx:tag xilinx:name="ui.data.coregen.dd@6461d690_ARCHIVE_LOCATION">c:/Projects/ip_repo/OrganHarmonizer_1.0</xilinx:tag>
        <xilinx:tag xilinx:name="ui.data.coregen.dd@4f6a39e9_ARCHIVE_LOCATION">c:/Projects/ip_repo/OrganHarmonizer_1.0</xilinx:tag>
        <xilinx:tag xilinx:name="ui.data.coregen.dd@4f65e891_ARCHIVE_LOCATION">c:/Projects/ip_repo/OrganHarmonizer_1.0</xilinx:tag>
        <xilinx:tag xilinx:name="ui.data.coregen.dd@6f70f064_ARCHIVE_LOCATION">c:/Projects/ip_repo/OrganHarmonizer_1.0</xilinx:tag>
        <xilinx:tag xilinx:name="ui.data.coregen.dd@52c2bb24_ARCHIVE_LOCATION">c:/Projects/ip_repo/OrganHarmonizer_1.0</xilinx:tag>
        <xilinx:tag xilinx:name="ui.data.coregen.dd@79adee89_ARCHIVE_LOCATION">c:/Projects/ip_repo/OrganHarmonizer_1.0</xilinx:tag>
        <xilinx:tag xilinx:name="ui.data.coregen.dd@630034b7_ARCHIVE_LOCATION">c:/Projects/ip_repo/OrganHarmonizer_1.0</xilinx:tag>
        <xilinx:tag xilinx:name="ui.data.coregen.dd@24e3da86_ARCHIVE_LOCATION">c:/Projects/ip_repo/OrganHarmonizer_1.0</xilinx:tag>
        <xilinx:tag xilinx:name="ui.data.coregen.dd@daf3279_ARCHIVE_LOCATION">c:/Projects/ip_repo/OrganHarmonizer_1.0</xilinx:tag>
        <xilinx:tag xilinx:name="ui.data.coregen.dd@70b29396_ARCHIVE_LOCATION">c:/Projects/ip_repo/OrganHarmonizer_1.0</xilinx:tag>
        <xilinx:tag xilinx:name="ui.data.coregen.dd@3ca49f56_ARCHIVE_LOCATION">c:/Projects/ip_repo/OrganHarmonizer_1.0</xilinx:tag>
        <xilinx:tag xilinx:name="ui.data.coregen.dd@3b7e583_ARCHIVE_LOCATION">c:/Projects/ip_repo/OrganHarmonizer_1.0</xilinx:tag>
        <xilinx:tag xilinx:name="ui.data.coregen.dd@345f94bf_ARCHIVE_LOCATION">c:/Projects/ip_repo/OrganHarmonizer_1.0</xilinx:tag>
        <xilinx:tag xilinx:name="ui.data.coregen.dd@a25bd33_ARCHIVE_LOCATION">c:/Projects/ip_repo/OrganHarmonizer_1.0</xilinx:tag>
        <xilinx:tag xilinx:name="ui.data.coregen.dd@1165d3fe_ARCHIVE_LOCATION">c:/Projects/ip_repo/OrganHarmonizer_1.0</xilinx:tag>
        <xilinx:tag xilinx:name="ui.data.coregen.dd@1f29ef9a_ARCHIVE_LOCATION">c:/Projects/ip_repo/OrganHarmonizer_1.0</xilinx:tag>
        <xilinx:tag xilinx:name="ui.data.coregen.dd@7d9e5194_ARCHIVE_LOCATION">c:/Projects/ip_repo/OrganHarmonizer_1.0</xilinx:tag>
        <xilinx:tag xilinx:name="ui.data.coregen.dd@6d47eaa5_ARCHIVE_LOCATION">c:/Projects/ip_repo/OrganHarmonizer_1.0</xilinx:tag>
        <xilinx:tag xilinx:name="ui.data.coregen.dd@51887dbc_ARCHIVE_LOCATION">c:/Projects/ip_repo/OrganHarmonizer_1.0</xilinx:tag>
        <xilinx:tag xilinx:name="ui.data.coregen.dd@111302db_ARCHIVE_LOCATION">c:/Projects/ip_repo/OrganHarmonizer_1.0</xilinx:tag>
        <xilinx:tag xilinx:name="ui.data.coregen.dd@358826cd_ARCHIVE_LOCATION">c:/Projects/ip_repo/OrganHarmonizer_1.0</xilinx:tag>
        <xilinx:tag xilinx:name="ui.data.coregen.dd@7bc2c366_ARCHIVE_LOCATION">c:/Projects/ip_repo/OrganHarmonizer_1.0</xilinx:tag>
        <xilinx:tag xilinx:name="ui.data.coregen.dd@149d6fd7_ARCHIVE_LOCATION">c:/Projects/ip_repo/OrganHarmonizer_1.0</xilinx:tag>
        <xilinx:tag xilinx:name="ui.data.coregen.dd@37bb5e2b_ARCHIVE_LOCATION">c:/Projects/ip_repo/OrganHarmonizer_1.0</xilinx:tag>
        <xilinx:tag xilinx:name="ui.data.coregen.dd@5dfa39cf_ARCHIVE_LOCATION">c:/Projects/ip_repo/OrganHarmonizer_1.0</xilinx:tag>
        <xilinx:tag xilinx:name="ui.data.coregen.dd@14381848_ARCHIVE_LOCATION">c:/Projects/ip_repo/OrganHarmonizer_1.0</xilinx:tag>
        <xilinx:tag xilinx:name="ui.data.coregen.dd@40ea1cde_ARCHIVE_LOCATION">c:/Projects/ip_repo/OrganHarmonizer_1.0</xilinx:tag>
        <xilinx:tag xilinx:name="ui.data.coregen.dd@2a6a9fc8_ARCHIVE_LOCATION">c:/Projects/ip_repo/OrganHarmonizer_1.0</xilinx:tag>
        <xilinx:tag xilinx:name="ui.data.coregen.dd@63c2385d_ARCHIVE_LOCATION">c:/Projects/ip_repo/OrganHarmonizer_1.0</xilinx:tag>
        <xilinx:tag xilinx:name="ui.data.coregen.dd@1fad6513_ARCHIVE_LOCATION">c:/Projects/ip_repo/OrganHarmonizer_1.0</xilinx:tag>
        <xilinx:tag xilinx:name="ui.data.coregen.dd@510a5c40_ARCHIVE_LOCATION">c:/Projects/ip_repo/OrganHarmonizer_1.0</xilinx:tag>
        <xilinx:tag xilinx:name="ui.data.coregen.dd@1fe7e630_ARCHIVE_LOCATION">c:/Projects/ip_repo/OrganHarmonizer_1.0</xilinx:tag>
        <xilinx:tag xilinx:name="ui.data.coregen.dd@43b0d194_ARCHIVE_LOCATION">c:/Projects/ip_repo/OrganHarmonizer_1.0</xilinx:tag>
        <xilinx:tag xilinx:name="ui.data.coregen.dd@3d0f1a_ARCHIVE_LOCATION">c:/Projects/ip_repo/OrganHarmonizer_1.0</xilinx:tag>
        <xilinx:tag xilinx:name="ui.data.coregen.dd@70ba7ce6_ARCHIVE_LOCATION">c:/Projects/ip_repo/OrganHarmonizer_1.0</xilinx:tag>
        <xilinx:tag xilinx:name="ui.data.coregen.dd@65fd27a6_ARCHIVE_LOCATION">c:/Projects/ip_repo/OrganHarmonizer_1.0</xilinx:tag>
        <xilinx:tag xilinx:name="ui.data.coregen.dd@5c834388_ARCHIVE_LOCATION">c:/Projects/ip_repo/OrganHarmonizer_1.0</xilinx:tag>
        <xilinx:tag xilinx:name="ui.data.coregen.dd@11bf4705_ARCHIVE_LOCATION">c:/Projects/ip_repo/OrganHarmonizer_1.0</xilinx:tag>
        <xilinx:tag xilinx:name="ui.data.coregen.dd@5d8f4a71_ARCHIVE_LOCATION">c:/Projects/ip_repo/OrganHarmonizer_1.0</xilinx:tag>
        <xilinx:tag xilinx:name="ui.data.coregen.dd@7d202f79_ARCHIVE_LOCATION">c:/Projects/ip_repo/OrganHarmonizer_1.0</xilinx:tag>
        <xilinx:tag xilinx:name="ui.data.coregen.dd@27af6a22_ARCHIVE_LOCATION">c:/Projects/ip_repo/OrganHarmonizer_1.0</xilinx:tag>
        <xilinx:tag xilinx:name="ui.data.coregen.dd@1248991b_ARCHIVE_LOCATION">c:/Projects/ip_repo/OrganHarmonizer_1.0</xilinx:tag>
        <xilinx:tag xilinx:name="ui.data.coregen.dd@47bd9c36_ARCHIVE_LOCATION">c:/Projects/ip_repo/OrganHarmonizer_1.0</xilinx:tag>
        <xilinx:tag xilinx:name="ui.data.coregen.dd@431038f9_ARCHIVE_LOCATION">c:/Projects/ip_repo/OrganHarmonizer_1.0</xilinx:tag>
        <xilinx:tag xilinx:name="ui.data.coregen.dd@77b2381e_ARCHIVE_LOCATION">c:/Projects/ip_repo/OrganHarmonizer_1.0</xilinx:tag>
        <xilinx:tag xilinx:name="ui.data.coregen.dd@6a342529_ARCHIVE_LOCATION">c:/Projects/ip_repo/OrganHarmonizer_1.0</xilinx:tag>
        <xilinx:tag xilinx:name="ui.data.coregen.dd@54a0b816_ARCHIVE_LOCATION">c:/Projects/ip_repo/OrganHarmonizer_1.0</xilinx:tag>
        <xilinx:tag xilinx:name="ui.data.coregen.dd@7fdd0607_ARCHIVE_LOCATION">c:/Projects/ip_repo/OrganHarmonizer_1.0</xilinx:tag>
        <xilinx:tag xilinx:name="ui.data.coregen.dd@5e8a1921_ARCHIVE_LOCATION">c:/Projects/ip_repo/OrganHarmonizer_1.0</xilinx:tag>
        <xilinx:tag xilinx:name="ui.data.coregen.dd@28cbb8d2_ARCHIVE_LOCATION">c:/Projects/ip_repo/OrganHarmonizer_1.0</xilinx:tag>
        <xilinx:tag xilinx:name="ui.data.coregen.dd@3199ca3f_ARCHIVE_LOCATION">c:/Projects/ip_repo/OrganHarmonizer_1.0</xilinx:tag>
        <xilinx:tag xilinx:name="ui.data.coregen.dd@7be11548_ARCHIVE_LOCATION">c:/Projects/ip_repo/OrganHarmonizer_1.0</xilinx:tag>
        <xilinx:tag xilinx:name="ui.data.coregen.dd@147346c8_ARCHIVE_LOCATION">c:/Projects/ip_repo/OrganHarmonizer_1.0</xilinx:tag>
        <xilinx:tag xilinx:name="ui.data.coregen.dd@4abd917e_ARCHIVE_LOCATION">c:/Projects/ip_repo/OrganHarmonizer_1.0</xilinx:tag>
        <xilinx:tag xilinx:name="ui.data.coregen.dd@46797d6c_ARCHIVE_LOCATION">c:/Projects/ip_repo/OrganHarmonizer_1.0</xilinx:tag>
        <xilinx:tag xilinx:name="ui.data.coregen.dd@5e112413_ARCHIVE_LOCATION">c:/Projects/ip_repo/OrganHarmonizer_1.0</xilinx:tag>
        <xilinx:tag xilinx:name="ui.data.coregen.dd@6b1a7eae_ARCHIVE_LOCATION">c:/Projects/ip_repo/OrganHarmonizer_1.0</xilinx:tag>
        <xilinx:tag xilinx:name="ui.data.coregen.dd@26d447e1_ARCHIVE_LOCATION">c:/Projects/ip_repo/OrganHarmonizer_1.0</xilinx:tag>
        <xilinx:tag xilinx:name="ui.data.coregen.dd@2530a5bc_ARCHIVE_LOCATION">c:/Projects/ip_repo/OrganHarmonizer_1.0</xilinx:tag>
        <xilinx:tag xilinx:name="ui.data.coregen.dd@2bca52d9_ARCHIVE_LOCATION">c:/Projects/ip_repo/OrganHarmonizer_1.0</xilinx:tag>
        <xilinx:tag xilinx:name="ui.data.coregen.dd@6fd8c1ed_ARCHIVE_LOCATION">c:/Projects/ip_repo/OrganHarmonizer_1.0</xilinx:tag>
        <xilinx:tag xilinx:name="ui.data.coregen.dd@3cb5e1cc_ARCHIVE_LOCATION">c:/Projects/ip_repo/OrganHarmonizer_1.0</xilinx:tag>
        <xilinx:tag xilinx:name="ui.data.coregen.dd@67acf6ec_ARCHIVE_LOCATION">c:/Projects/ip_repo/OrganHarmonizer_1.0</xilinx:tag>
        <xilinx:tag xilinx:name="ui.data.coregen.dd@3137408c_ARCHIVE_LOCATION">c:/Projects/ip_repo/OrganHarmonizer_1.0</xilinx:tag>
        <xilinx:tag xilinx:name="ui.data.coregen.dd@2863f7d4_ARCHIVE_LOCATION">c:/Projects/ip_repo/OrganHarmonizer_1.0</xilinx:tag>
        <xilinx:tag xilinx:name="ui.data.coregen.dd@1d9b5e97_ARCHIVE_LOCATION">c:/Projects/ip_repo/OrganHarmonizer_1.0</xilinx:tag>
        <xilinx:tag xilinx:name="ui.data.coregen.dd@7e4629c0_ARCHIVE_LOCATION">c:/Projects/ip_repo/OrganHarmonizer_1.0</xilinx:tag>
        <xilinx:tag xilinx:name="ui.data.coregen.dd@2e770b58_ARCHIVE_LOCATION">c:/Projects/ip_repo/OrganHarmonizer_1.0</xilinx:tag>
        <xilinx:tag xilinx:name="ui.data.coregen.dd@1f7b2477_ARCHIVE_LOCATION">c:/Projects/ip_repo/OrganHarmonizer_1.0</xilinx:tag>
        <xilinx:tag xilinx:name="ui.data.coregen.dd@21ef533e_ARCHIVE_LOCATION">c:/Projects/ip_repo/OrganHarmonizer_1.0</xilinx:tag>
        <xilinx:tag xilinx:name="ui.data.coregen.dd@3c13adc6_ARCHIVE_LOCATION">c:/Projects/ip_repo/OrganHarmonizer_1.0</xilinx:tag>
        <xilinx:tag xilinx:name="ui.data.coregen.dd@298227f8_ARCHIVE_LOCATION">c:/Projects/ip_repo/OrganHarmonizer_1.0</xilinx:tag>
        <xilinx:tag xilinx:name="ui.data.coregen.dd@370db1b1_ARCHIVE_LOCATION">c:/Projects/ip_repo/OrganHarmonizer_1.0</xilinx:tag>
        <xilinx:tag xilinx:name="ui.data.coregen.dd@11a938fc_ARCHIVE_LOCATION">c:/Projects/ip_repo/OrganHarmonizer_1.0</xilinx:tag>
        <xilinx:tag xilinx:name="ui.data.coregen.dd@41bd946_ARCHIVE_LOCATION">c:/Projects/ip_repo/OrganHarmonizer_1.0</xilinx:tag>
        <xilinx:tag xilinx:name="ui.data.coregen.dd@234f31dd_ARCHIVE_LOCATION">c:/Projects/ip_repo/OrganHarmonizer_1.0</xilinx:tag>
        <xilinx:tag xilinx:name="ui.data.coregen.dd@40de9f2b_ARCHIVE_LOCATION">c:/Projects/ip_repo/OrganHarmonizer_1.0</xilinx:tag>
        <xilinx:tag xilinx:name="ui.data.coregen.dd@6b605b4a_ARCHIVE_LOCATION">c:/Projects/ip_repo/OrganHarmonizer_1.0</xilinx:tag>
        <xilinx:tag xilinx:name="ui.data.coregen.dd@353b5b8d_ARCHIVE_LOCATION">c:/Projects/ip_repo/OrganHarmonizer_1.0</xilinx:tag>
        <xilinx:tag xilinx:name="ui.data.coregen.dd@90ad3f0_ARCHIVE_LOCATION">c:/Projects/ip_repo/OrganHarmonizer_1.0</xilinx:tag>
        <xilinx:tag xilinx:name="ui.data.coregen.dd@4246a1b_ARCHIVE_LOCATION">c:/Projects/ip_repo/OrganHarmonizer_1.0</xilinx:tag>
        <xilinx:tag xilinx:name="ui.data.coregen.dd@3228ad2b_ARCHIVE_LOCATION">c:/Projects/ip_repo/OrganHarmonizer_1.0</xilinx:tag>
        <xilinx:tag xilinx:name="ui.data.coregen.dd@30e876f5_ARCHIVE_LOCATION">c:/Projects/ip_repo/OrganHarmonizer_1.0</xilinx:tag>
        <xilinx:tag xilinx:name="ui.data.coregen.dd@48018bfe_ARCHIVE_LOCATION">c:/Projects/ip_repo/OrganHarmonizer_1.0</xilinx:tag>
        <xilinx:tag xilinx:name="ui.data.coregen.dd@15188218_ARCHIVE_LOCATION">c:/Projects/ip_repo/OrganHarmonizer_1.0</xilinx:tag>
        <xilinx:tag xilinx:name="ui.data.coregen.dd@6cbc749e_ARCHIVE_LOCATION">c:/Projects/ip_repo/OrganHarmonizer_1.0</xilinx:tag>
        <xilinx:tag xilinx:name="ui.data.coregen.dd@1c0c28f_ARCHIVE_LOCATION">c:/Projects/ip_repo/OrganHarmonizer_1.0</xilinx:tag>
        <xilinx:tag xilinx:name="ui.data.coregen.dd@c8fbca5_ARCHIVE_LOCATION">c:/Projects/ip_repo/OrganHarmonizer_1.0</xilinx:tag>
        <xilinx:tag xilinx:name="ui.data.coregen.dd@495c7ef5_ARCHIVE_LOCATION">c:/Projects/ip_repo/OrganHarmonizer_1.0</xilinx:tag>
        <xilinx:tag xilinx:name="ui.data.coregen.dd@6ed92058_ARCHIVE_LOCATION">c:/Projects/ip_repo/OrganHarmonizer_1.0</xilinx:tag>
        <xilinx:tag xilinx:name="ui.data.coregen.dd@170e2944_ARCHIVE_LOCATION">c:/Projects/ip_repo/OrganHarmonizer_1.0</xilinx:tag>
        <xilinx:tag xilinx:name="ui.data.coregen.dd@67c35347_ARCHIVE_LOCATION">c:/Projects/ip_repo/OrganHarmonizer_1.0</xilinx:tag>
        <xilinx:tag xilinx:name="ui.data.coregen.dd@7406d385_ARCHIVE_LOCATION">c:/Projects/ip_repo/OrganHarmonizer_1.0</xilinx:tag>
        <xilinx:tag xilinx:name="ui.data.coregen.dd@2e40e891_ARCHIVE_LOCATION">c:/Projects/ip_repo/OrganHarmonizer_1.0</xilinx:tag>
        <xilinx:tag xilinx:name="ui.data.coregen.dd@693f59f3_ARCHIVE_LOCATION">c:/Projects/ip_repo/OrganHarmonizer_1.0</xilinx:tag>
        <xilinx:tag xilinx:name="ui.data.coregen.dd@772fec1b_ARCHIVE_LOCATION">c:/Projects/ip_repo/OrganHarmonizer_1.0</xilinx:tag>
        <xilinx:tag xilinx:name="ui.data.coregen.dd@13912c0e_ARCHIVE_LOCATION">c:/Projects/ip_repo/OrganHarmonizer_1.0</xilinx:tag>
        <xilinx:tag xilinx:name="ui.data.coregen.dd@35be3a7b_ARCHIVE_LOCATION">c:/Projects/ip_repo/OrganHarmonizer_1.0</xilinx:tag>
        <xilinx:tag xilinx:name="ui.data.coregen.dd@4b3fe986_ARCHIVE_LOCATION">c:/Projects/ip_repo/OrganHarmonizer_1.0</xilinx:tag>
        <xilinx:tag xilinx:name="ui.data.coregen.dd@1ac75647_ARCHIVE_LOCATION">c:/Projects/ip_repo/OrganHarmonizer_1.0</xilinx:tag>
        <xilinx:tag xilinx:name="ui.data.coregen.dd@116e6071_ARCHIVE_LOCATION">c:/Projects/ip_repo/OrganHarmonizer_1.0</xilinx:tag>
        <xilinx:tag xilinx:name="ui.data.coregen.dd@5553ca8e_ARCHIVE_LOCATION">c:/Projects/ip_repo/OrganHarmonizer_1.0</xilinx:tag>
        <xilinx:tag xilinx:name="ui.data.coregen.dd@3c106403_ARCHIVE_LOCATION">c:/Projects/ip_repo/OrganHarmonizer_1.0</xilinx:tag>
        <xilinx:tag xilinx:name="ui.data.coregen.dd@a03de7_ARCHIVE_LOCATION">c:/Projects/ip_repo/OrganHarmonizer_1.0</xilinx:tag>
        <xilinx:tag xilinx:name="ui.data.coregen.dd@6806315c_ARCHIVE_LOCATION">c:/Projects/ip_repo/OrganHarmonizer_1.0</xilinx:tag>
        <xilinx:tag xilinx:name="ui.data.coregen.dd@24c12d67_ARCHIVE_LOCATION">c:/Projects/ip_repo/OrganHarmonizer_1.0</xilinx:tag>
        <xilinx:tag xilinx:name="ui.data.coregen.dd@3f9d12a3_ARCHIVE_LOCATION">c:/Projects/ip_repo/OrganHarmonizer_1.0</xilinx:tag>
      </xilinx:tags>
    </xilinx:coreExtensions>
    <xilinx:packagingInfo>
      <xilinx:xilinxVersion>2019.1</xilinx:xilinxVersion>
      <xilinx:checksum xilinx:scope="busInterfaces" xilinx:value="7a63f3fc"/>
      <xilinx:checksum xilinx:scope="memoryMaps" xilinx:value="ed1368d5"/>
      <xilinx:checksum xilinx:scope="fileGroups" xilinx:value="3130eeba"/>
      <xilinx:checksum xilinx:scope="ports" xilinx:value="aa312806"/>
      <xilinx:checksum xilinx:scope="hdlParameters" xilinx:value="6992ea72"/>
      <xilinx:checksum xilinx:scope="parameters" xilinx:value="a7fa8ab6"/>
    </xilinx:packagingInfo>
  </spirit:vendorExtensions>
</spirit:component>
