<?xml version="1.0"?>
<Runs Version="1" Minor="0">
	<Run Id="test_processing_system7_1_0_synth_1" LaunchDir="C:/Projects/HOMeR-Hardware-OMR/Synthesizer/OrganNotes/OrganNotes.runs/test_processing_system7_1_0_synth_1" FlowId="Vivado_Synthesis" FromStepId="vivado" ToStepId="vivado"/>
	<Run Id="test_auto_pc_0_synth_1" LaunchDir="C:/Projects/HOMeR-Hardware-OMR/Synthesizer/OrganNotes/OrganNotes.runs/test_auto_pc_0_synth_1" FlowId="Vivado_Synthesis" FromStepId="vivado" ToStepId="vivado"/>
	<Run Id="test_axi_gpio_muten_0_synth_1" LaunchDir="C:/Projects/HOMeR-Hardware-OMR/Synthesizer/OrganNotes/OrganNotes.runs/test_axi_gpio_muten_0_synth_1" FlowId="Vivado_Synthesis" FromStepId="vivado" ToStepId="vivado"/>
	<Run Id="test_zybo_audio_ctrl_0_0_synth_1" LaunchDir="C:/Projects/HOMeR-Hardware-OMR/Synthesizer/OrganNotes/OrganNotes.runs/test_zybo_audio_ctrl_0_0_synth_1" FlowId="Vivado_Synthesis" FromStepId="vivado" ToStepId="vivado"/>
	<Run Id="test_axi_gpio_leds_0_synth_1" LaunchDir="C:/Projects/HOMeR-Hardware-OMR/Synthesizer/OrganNotes/OrganNotes.runs/test_axi_gpio_leds_0_synth_1" FlowId="Vivado_Synthesis" FromStepId="vivado" ToStepId="vivado"/>
	<Run Id="test_axi_timer_0_0_synth_1" LaunchDir="C:/Projects/HOMeR-Hardware-OMR/Synthesizer/OrganNotes/OrganNotes.runs/test_axi_timer_0_0_synth_1" FlowId="Vivado_Synthesis" FromStepId="vivado" ToStepId="vivado"/>
	<Run Id="test_axi_gpio_sw_0_synth_1" LaunchDir="C:/Projects/HOMeR-Hardware-OMR/Synthesizer/OrganNotes/OrganNotes.runs/test_axi_gpio_sw_0_synth_1" FlowId="Vivado_Synthesis" FromStepId="vivado" ToStepId="vivado"/>
	<Run Id="test_axi_gpio_btn_0_synth_1" LaunchDir="C:/Projects/HOMeR-Hardware-OMR/Synthesizer/OrganNotes/OrganNotes.runs/test_axi_gpio_btn_0_synth_1" FlowId="Vivado_Synthesis" FromStepId="vivado" ToStepId="vivado"/>
	<Run Id="test_xbar_0_synth_1" LaunchDir="C:/Projects/HOMeR-Hardware-OMR/Synthesizer/OrganNotes/OrganNotes.runs/test_xbar_0_synth_1" FlowId="Vivado_Synthesis" FromStepId="vivado" ToStepId="vivado"/>
	<Run Id="test_rst_ps7_0_50M_0_synth_1" LaunchDir="C:/Projects/HOMeR-Hardware-OMR/Synthesizer/OrganNotes/OrganNotes.runs/test_rst_ps7_0_50M_0_synth_1" FlowId="Vivado_Synthesis" FromStepId="vivado" ToStepId="vivado"/>
	<Run Id="test_OrganSynth_0_0_synth_1" LaunchDir="C:/Projects/HOMeR-Hardware-OMR/Synthesizer/OrganNotes/OrganNotes.runs/test_OrganSynth_0_0_synth_1" FlowId="Vivado_Synthesis" FromStepId="vivado" ToStepId="vivado"/>
	<Run Id="synth_1" LaunchDir="C:/Projects/HOMeR-Hardware-OMR/Synthesizer/OrganNotes/OrganNotes.runs/synth_1" FlowId="Vivado_Synthesis" FromStepId="vivado" ToStepId="vivado">
		<Parent Id="test_processing_system7_1_0_synth_1"/>
		<Parent Id="test_auto_pc_0_synth_1"/>
		<Parent Id="test_axi_gpio_muten_0_synth_1"/>
		<Parent Id="test_zybo_audio_ctrl_0_0_synth_1"/>
		<Parent Id="test_axi_gpio_leds_0_synth_1"/>
		<Parent Id="test_axi_timer_0_0_synth_1"/>
		<Parent Id="test_axi_gpio_sw_0_synth_1"/>
		<Parent Id="test_axi_gpio_btn_0_synth_1"/>
		<Parent Id="test_xbar_0_synth_1"/>
		<Parent Id="test_rst_ps7_0_50M_0_synth_1"/>
		<Parent Id="test_OrganSynth_0_0_synth_1"/>
	</Run>
	<Run Id="impl_1" LaunchDir="C:/Projects/HOMeR-Hardware-OMR/Synthesizer/OrganNotes/OrganNotes.runs/impl_1" FlowId="Vivado_Implementation" FromStepId="init_design" ToStepId="write_bitstream">
		<Parent Id="synth_1"/>
		<Parent Id="test_processing_system7_1_0_synth_1"/>
		<Parent Id="test_auto_pc_0_synth_1"/>
		<Parent Id="test_axi_gpio_muten_0_synth_1"/>
		<Parent Id="test_zybo_audio_ctrl_0_0_synth_1"/>
		<Parent Id="test_axi_gpio_leds_0_synth_1"/>
		<Parent Id="test_axi_timer_0_0_synth_1"/>
		<Parent Id="test_axi_gpio_sw_0_synth_1"/>
		<Parent Id="test_axi_gpio_btn_0_synth_1"/>
		<Parent Id="test_xbar_0_synth_1"/>
		<Parent Id="test_rst_ps7_0_50M_0_synth_1"/>
		<Parent Id="test_OrganSynth_0_0_synth_1"/>
	</Run>
	<Parameters>
		<Parameter Name="runs.monitorLSFJobs" Val="true" Type="bool"/>
	</Parameters>
</Runs>

