<?xml version="1.0" encoding="UTF-8"?>
<GenRun Id="impl_1" LaunchPart="xc7z010clg400-1" LaunchTime="1651899515">
  <File Type="BITSTR-BMM" Name="test_wrapper_bd.bmm"/>
  <File Type="OPT-METHODOLOGY-DRC" Name="test_wrapper_methodology_drc_opted.rpt"/>
  <File Type="INIT-TIMING" Name="test_wrapper_timing_summary_init.rpt"/>
  <File Type="ROUTE-PWR" Name="test_wrapper_power_routed.rpt"/>
  <File Type="PA-TCL" Name="test_wrapper.tcl"/>
  <File Type="OPT-TIMING" Name="test_wrapper_timing_summary_opted.rpt"/>
  <File Type="OPT-DCP" Name="test_wrapper_opt.dcp"/>
  <File Type="ROUTE-PWR-SUM" Name="test_wrapper_power_summary_routed.pb"/>
  <File Type="REPORTS-TCL" Name="test_wrapper_reports.tcl"/>
  <File Type="OPT-DRC" Name="test_wrapper_drc_opted.rpt"/>
  <File Type="OPT-HWDEF" Name="test_wrapper.hwdef"/>
  <File Type="PWROPT-DCP" Name="test_wrapper_pwropt.dcp"/>
  <File Type="PWROPT-DRC" Name="test_wrapper_drc_pwropted.rpt"/>
  <File Type="PWROPT-TIMING" Name="test_wrapper_timing_summary_pwropted.rpt"/>
  <File Type="PLACE-DCP" Name="test_wrapper_placed.dcp"/>
  <File Type="PLACE-IO" Name="test_wrapper_io_placed.rpt"/>
  <File Type="PLACE-CLK" Name="test_wrapper_clock_utilization_placed.rpt"/>
  <File Type="PLACE-UTIL" Name="test_wrapper_utilization_placed.rpt"/>
  <File Type="PLACE-UTIL-PB" Name="test_wrapper_utilization_placed.pb"/>
  <File Type="PLACE-CTRL" Name="test_wrapper_control_sets_placed.rpt"/>
  <File Type="PLACE-SIMILARITY" Name="test_wrapper_incremental_reuse_placed.rpt"/>
  <File Type="PLACE-PRE-SIMILARITY" Name="test_wrapper_incremental_reuse_pre_placed.rpt"/>
  <File Type="BG-BGN" Name="test_wrapper.bgn"/>
  <File Type="PLACE-TIMING" Name="test_wrapper_timing_summary_placed.rpt"/>
  <File Type="POSTPLACE-PWROPT-DCP" Name="test_wrapper_postplace_pwropt.dcp"/>
  <File Type="BG-BIN" Name="test_wrapper.bin"/>
  <File Type="POSTPLACE-PWROPT-TIMING" Name="test_wrapper_timing_summary_postplace_pwropted.rpt"/>
  <File Type="PHYSOPT-DCP" Name="test_wrapper_physopt.dcp"/>
  <File Type="PHYSOPT-DRC" Name="test_wrapper_drc_physopted.rpt"/>
  <File Type="BITSTR-MSK" Name="test_wrapper.msk"/>
  <File Type="PHYSOPT-TIMING" Name="test_wrapper_timing_summary_physopted.rpt"/>
  <File Type="ROUTE-ERROR-DCP" Name="test_wrapper_routed_error.dcp"/>
  <File Type="ROUTE-DCP" Name="test_wrapper_routed.dcp"/>
  <File Type="ROUTE-BLACKBOX-DCP" Name="test_wrapper_routed_bb.dcp"/>
  <File Type="ROUTE-DRC" Name="test_wrapper_drc_routed.rpt"/>
  <File Type="ROUTE-DRC-PB" Name="test_wrapper_drc_routed.pb"/>
  <File Type="BITSTR-LTX" Name="debug_nets.ltx"/>
  <File Type="BITSTR-LTX" Name="test_wrapper.ltx"/>
  <File Type="ROUTE-DRC-RPX" Name="test_wrapper_drc_routed.rpx"/>
  <File Type="BITSTR-MMI" Name="test_wrapper.mmi"/>
  <File Type="ROUTE-METHODOLOGY-DRC" Name="test_wrapper_methodology_drc_routed.rpt"/>
  <File Type="ROUTE-METHODOLOGY-DRC-RPX" Name="test_wrapper_methodology_drc_routed.rpx"/>
  <File Type="BITSTR-SYSDEF" Name="test_wrapper.sysdef"/>
  <File Type="ROUTE-METHODOLOGY-DRC-PB" Name="test_wrapper_methodology_drc_routed.pb"/>
  <File Type="ROUTE-PWR-RPX" Name="test_wrapper_power_routed.rpx"/>
  <File Type="ROUTE-STATUS" Name="test_wrapper_route_status.rpt"/>
  <File Type="ROUTE-STATUS-PB" Name="test_wrapper_route_status.pb"/>
  <File Type="ROUTE-TIMINGSUMMARY" Name="test_wrapper_timing_summary_routed.rpt"/>
  <File Type="ROUTE-TIMING-PB" Name="test_wrapper_timing_summary_routed.pb"/>
  <File Type="ROUTE-TIMING-RPX" Name="test_wrapper_timing_summary_routed.rpx"/>
  <File Type="ROUTE-SIMILARITY" Name="test_wrapper_incremental_reuse_routed.rpt"/>
  <File Type="ROUTE-CLK" Name="test_wrapper_clock_utilization_routed.rpt"/>
  <File Type="ROUTE-BUS-SKEW" Name="test_wrapper_bus_skew_routed.rpt"/>
  <File Type="ROUTE-BUS-SKEW-PB" Name="test_wrapper_bus_skew_routed.pb"/>
  <File Type="ROUTE-BUS-SKEW-RPX" Name="test_wrapper_bus_skew_routed.rpx"/>
  <File Type="POSTROUTE-PHYSOPT-DCP" Name="test_wrapper_postroute_physopt.dcp"/>
  <File Type="POSTROUTE-PHYSOPT-BLACKBOX-DCP" Name="test_wrapper_postroute_physopt_bb.dcp"/>
  <File Type="POSTROUTE-PHYSOPT-TIMING" Name="test_wrapper_timing_summary_postroute_physopted.rpt"/>
  <File Type="POSTROUTE-PHYSOPT-TIMING-PB" Name="test_wrapper_timing_summary_postroute_physopted.pb"/>
  <File Type="POSTROUTE-PHYSOPT-TIMING-RPX" Name="test_wrapper_timing_summary_postroute_physopted.rpx"/>
  <File Type="POSTROUTE-PHYSOPT-BUS-SKEW" Name="test_wrapper_bus_skew_postroute_physopted.rpt"/>
  <File Type="POSTROUTE-PHYSOPT-BUS-SKEW-PB" Name="test_wrapper_bus_skew_postroute_physopted.pb"/>
  <File Type="BG-BIT" Name="test_wrapper.bit"/>
  <File Type="POSTROUTE-PHYSOPT-BUS-SKEW-RPX" Name="test_wrapper_bus_skew_postroute_physopted.rpx"/>
  <File Type="BITSTR-RBT" Name="test_wrapper.rbt"/>
  <File Type="BITSTR-NKY" Name="test_wrapper.nky"/>
  <File Type="BG-DRC" Name="test_wrapper.drc"/>
  <File Type="RDI-RDI" Name="test_wrapper.vdi"/>
  <File Type="WBT-USG" Name="usage_statistics_webtalk.html"/>
  <FileSet Name="sources" Type="DesignSrcs" RelSrcDir="$PSRCDIR/sources_1">
    <Filter Type="Srcs"/>
    <File Path="$PSRCDIR/sources_1/bd/block_diagram/test.bd">
      <FileInfo>
        <Attr Name="ImportPath" Val="$PPRDIR/../block_diagram/test.bd"/>
        <Attr Name="ImportTime" Val="1635622339"/>
        <Attr Name="UsedIn" Val="synthesis"/>
        <Attr Name="UsedIn" Val="implementation"/>
        <Attr Name="UsedIn" Val="simulation"/>
      </FileInfo>
    </File>
    <File Path="$PSRCDIR/sources_1/bd/block_diagram/hdl/test_wrapper.v">
      <FileInfo>
        <Attr Name="UsedIn" Val="synthesis"/>
        <Attr Name="UsedIn" Val="implementation"/>
        <Attr Name="UsedIn" Val="simulation"/>
      </FileInfo>
    </File>
    <Config>
      <Option Name="DesignMode" Val="RTL"/>
      <Option Name="TopModule" Val="test_wrapper"/>
      <Option Name="TopAutoSet" Val="TRUE"/>
    </Config>
  </FileSet>
  <FileSet Name="constrs_in" Type="Constrs" RelSrcDir="$PSRCDIR/constrs_1">
    <Filter Type="Constrs"/>
    <File Path="$PSRCDIR/constrs_1/imports/constraint/Zybo-Z7-Master.xdc">
      <FileInfo>
        <Attr Name="ImportPath" Val="$PPRDIR/../constraint/Zybo-Z7-Master.xdc"/>
        <Attr Name="ImportTime" Val="1635622339"/>
        <Attr Name="UsedIn" Val="synthesis"/>
        <Attr Name="UsedIn" Val="implementation"/>
      </FileInfo>
    </File>
    <Config>
      <Option Name="ConstrsType" Val="XDC"/>
    </Config>
  </FileSet>
  <FileSet Name="utils" Type="Utils" RelSrcDir="$PSRCDIR/utils_1">
    <Filter Type="Utils"/>
    <Config>
      <Option Name="TopAutoSet" Val="TRUE"/>
    </Config>
  </FileSet>
  <Strategy Version="1" Minor="2">
    <StratHandle Name="Vivado Implementation Defaults" Flow="Vivado Implementation 2019">
      <Desc>Default settings for Implementation.</Desc>
    </StratHandle>
    <Step Id="init_design"/>
    <Step Id="opt_design"/>
    <Step Id="power_opt_design"/>
    <Step Id="place_design"/>
    <Step Id="post_place_power_opt_design"/>
    <Step Id="phys_opt_design"/>
    <Step Id="route_design"/>
    <Step Id="post_route_phys_opt_design"/>
    <Step Id="write_bitstream"/>
  </Strategy>
  <BlockFileSet Type="BlockSrcs" Name="test_zybo_audio_ctrl_0_0"/>
  <BlockFileSet Type="BlockSrcs" Name="test_processing_system7_1_0"/>
  <BlockFileSet Type="BlockSrcs" Name="test_axi_gpio_btn_0"/>
  <BlockFileSet Type="BlockSrcs" Name="test_axi_gpio_leds_0"/>
  <BlockFileSet Type="BlockSrcs" Name="test_auto_pc_0"/>
  <BlockFileSet Type="BlockSrcs" Name="test_rst_ps7_0_50M_0"/>
  <BlockFileSet Type="BlockSrcs" Name="test_axi_gpio_muten_0"/>
  <BlockFileSet Type="BlockSrcs" Name="test_axi_timer_0_0"/>
  <BlockFileSet Type="BlockSrcs" Name="test_axi_gpio_sw_0"/>
  <BlockFileSet Type="BlockSrcs" Name="test_xbar_0"/>
  <BlockFileSet Type="BlockSrcs" Name="test_OrganSynth_0_0"/>
</GenRun>
