<?xml version="1.0" encoding="UTF-8"?>
<GenRun Id="synth_1" LaunchPart="xc7z010clg400-1" LaunchTime="1651899515">
  <File Type="PA-TCL" Name="test_wrapper.tcl"/>
  <File Type="RDS-PROPCONSTRS" Name="test_wrapper_drc_synth.rpt"/>
  <File Type="REPORTS-TCL" Name="test_wrapper_reports.tcl"/>
  <File Type="RDS-RDS" Name="test_wrapper.vds"/>
  <File Type="RDS-UTIL" Name="test_wrapper_utilization_synth.rpt"/>
  <File Type="RDS-UTIL-PB" Name="test_wrapper_utilization_synth.pb"/>
  <File Type="RDS-DCP" Name="test_wrapper.dcp"/>
  <File Type="VDS-TIMINGSUMMARY" Name="test_wrapper_timing_summary_synth.rpt"/>
  <File Type="VDS-TIMING-PB" Name="test_wrapper_timing_summary_synth.pb"/>
  <FileSet Name="sources" Type="DesignSrcs" RelSrcDir="$PSRCDIR/sources_1">
    <Filter Type="Srcs"/>
    <File Path="$PSRCDIR/sources_1/bd/block_diagram/test.bd">
      <FileInfo>
        <Attr Name="ImportPath" Val="$PPRDIR/../block_diagram/test.bd"/>
        <Attr Name="ImportTime" Val="1635622339"/>
        <Attr Name="UsedIn" Val="synthesis"/>
        <Attr Name="UsedIn" Val="implementation"/>
        <Attr Name="UsedIn" Val="simulation"/>
      </FileInfo>
    </File>
    <File Path="$PSRCDIR/sources_1/bd/block_diagram/hdl/test_wrapper.v">
      <FileInfo>
        <Attr Name="UsedIn" Val="synthesis"/>
        <Attr Name="UsedIn" Val="implementation"/>
        <Attr Name="UsedIn" Val="simulation"/>
      </FileInfo>
    </File>
    <Config>
      <Option Name="DesignMode" Val="RTL"/>
      <Option Name="TopModule" Val="test_wrapper"/>
      <Option Name="TopAutoSet" Val="TRUE"/>
    </Config>
  </FileSet>
  <FileSet Name="constrs_in" Type="Constrs" RelSrcDir="$PSRCDIR/constrs_1">
    <Filter Type="Constrs"/>
    <File Path="$PSRCDIR/constrs_1/imports/constraint/Zybo-Z7-Master.xdc">
      <FileInfo>
        <Attr Name="ImportPath" Val="$PPRDIR/../constraint/Zybo-Z7-Master.xdc"/>
        <Attr Name="ImportTime" Val="1635622339"/>
        <Attr Name="UsedIn" Val="synthesis"/>
        <Attr Name="UsedIn" Val="implementation"/>
      </FileInfo>
    </File>
    <Config>
      <Option Name="ConstrsType" Val="XDC"/>
    </Config>
  </FileSet>
  <FileSet Name="utils" Type="Utils" RelSrcDir="$PSRCDIR/utils_1">
    <Filter Type="Utils"/>
    <Config>
      <Option Name="TopAutoSet" Val="TRUE"/>
    </Config>
  </FileSet>
  <Strategy Version="1" Minor="2">
    <StratHandle Name="Vivado Synthesis Defaults" Flow="Vivado Synthesis 2019">
      <Desc>Vivado Synthesis Defaults</Desc>
    </StratHandle>
    <Step Id="synth_design"/>
  </Strategy>
  <BlockFileSet Type="BlockSrcs" Name="test_zybo_audio_ctrl_0_0"/>
  <BlockFileSet Type="BlockSrcs" Name="test_processing_system7_1_0"/>
  <BlockFileSet Type="BlockSrcs" Name="test_axi_gpio_btn_0"/>
  <BlockFileSet Type="BlockSrcs" Name="test_axi_gpio_leds_0"/>
  <BlockFileSet Type="BlockSrcs" Name="test_auto_pc_0"/>
  <BlockFileSet Type="BlockSrcs" Name="test_rst_ps7_0_50M_0"/>
  <BlockFileSet Type="BlockSrcs" Name="test_axi_gpio_muten_0"/>
  <BlockFileSet Type="BlockSrcs" Name="test_axi_timer_0_0"/>
  <BlockFileSet Type="BlockSrcs" Name="test_axi_gpio_sw_0"/>
  <BlockFileSet Type="BlockSrcs" Name="test_xbar_0"/>
  <BlockFileSet Type="BlockSrcs" Name="test_OrganSynth_0_0"/>
</GenRun>
